date,quarter,department,day,team,targeted_productivity,smv,wip,over_time,incentive,idle_time,idle_men,no_of_style_change,no_of_workers,actual_productivity
1/1/2015,Quarter1,sweing,Thursday,8,0.8,26.16.00,1108,7080,98,0,0,0,59,15678757.04.00
1/1/2015,Quarter1,finishing,Thursday,1,1.15,4.34,,960,0,0,0,0,8,147.45.00
1/1/2015,Quarter1,sweing,Thursday,11,0.8,11.41,968,3660,50,0,0,0,30.5,13342841.32.00
1/1/2015,Quarter1,sweing,Thursday,12,0.8,11.41,968,3660,50,0,0,0,30.5,13342841.32.00
1/1/2015,Quarter1,sweing,Thursday,6,0.8,25.9,1170,1920,50,0,0,0,56,13339699.04.00
1/1/2015,Quarter1,sweing,Thursday,7,0.8,25.9,984,6720,38,0,0,0,56,13335.25.00
1/1/2015,Quarter1,finishing,Thursday,2,1.15,4.34,,960,0,0,0,0,8,12586111.07.00
1/1/2015,Quarter1,sweing,Thursday,3,1.15,28.08.00,795,6900,45,0,0,0,57.5,12561391.18.00
1/1/2015,Quarter1,sweing,Thursday,2,1.15,20.27,733,6000,34,0,0,0,55,12551625.31.00
1/1/2015,Quarter1,sweing,Thursday,1,1.15,28.08.00,681,6900,45,0,0,0,57.5,12507130.26.00
1/1/2015,Quarter1,sweing,Thursday,9,0.7,28.08.00,872,6900,44,0,0,0,57.5,12018782.37.00
1/1/2015,Quarter1,sweing,Thursday,10,1.15,19.31,578,6480,45,0,0,0,54,11870087.27.00
1/1/2015,Quarter1,sweing,Thursday,5,0.8,11.41,668,3660,50,0,0,0,30.5,11784098.22.00
1/1/2015,Quarter1,finishing,Thursday,10,1.05,4.34,,960,0,0,0,0,8,11765277.47.00
1/1/2015,Quarter1,finishing,Thursday,8,1.15,2.9,,960,0,0,0,0,8,11277777.47.00
1/1/2015,Quarter1,finishing,Thursday,4,1.15,4.34,,2160,0,0,0,0,18,9884259.16.00
1/1/2015,Quarter1,finishing,Thursday,7,0.8,2.9,,960,0,0,0,0,8,9012152.47.00
1/1/2015,Quarter1,sweing,Thursday,4,1.05,24.09.00,861,7200,0,0,0,0,60,868.38.00
1/1/2015,Quarter1,finishing,Thursday,11,0.7,4.15,,1440,0,0,0,0,12,7272106.29.00
1/3/2015,Quarter1,finishing,Saturday,4,0.8,4.15,,6600,0,0,0,0,20,16467078.11.00
1/3/2015,Quarter1,finishing,Saturday,11,1.15,2.9,,5640,0,0,0,0,17,16464673.55.00
1/3/2015,Quarter1,finishing,Saturday,9,0.8,4.15,,960,0,0,0,0,8,15937847.13.00
1/3/2015,Quarter1,finishing,Saturday,3,1.15,4.34,,1560,0,0,0,0,8,15754629.38.00
1/3/2015,Quarter1,finishing,Saturday,1,0.8,4.34,,960,0,0,0,0,8,15048611.07.00
1/3/2015,Quarter1,sweing,Saturday,1,0.8,28.08.00,772,6300,50,0,0,0,56.5,13345421.54.00
1/3/2015,Quarter1,sweing,Saturday,3,0.8,28.08.00,913,6540,50,0,0,0,54.5,13338715.36.00
1/3/2015,Quarter1,sweing,Saturday,8,0.8,26.16.00,1261,7080,50,0,0,0,59,13338644.04.00
1/3/2015,Quarter1,sweing,Saturday,12,0.8,26.16.00,844,7080,63,0,0,0,59,13338644.04.00
1/3/2015,Quarter1,sweing,Saturday,11,0.8,12.01,1005,7080,50,0,0,0,29.5,13337288.08.00
1/3/2015,Quarter1,sweing,Saturday,5,0.8,12.01,659,7080,50,0,0,0,31.5,13335810.49.00
1/3/2015,Quarter1,sweing,Saturday,6,0.8,25.9,1152,6720,50,0,0,0,56,13335.25.00
1/3/2015,Quarter1,sweing,Saturday,7,0.8,25.9,1138,6720,38,0,0,0,56,13335.25.00
1/3/2015,Quarter1,sweing,Saturday,10,1.15,19.31,610,6480,56,0,0,0,54,13121661.31.00
1/3/2015,Quarter1,finishing,Saturday,2,0.8,4.15,,960,0,0,0,0,8,13040798.37.00
1/3/2015,Quarter1,sweing,Saturday,2,1.15,20.27,944,6600,45,0,0,0,55,1250405.03.00
1/3/2015,Quarter1,finishing,Saturday,10,0.7,4.15,,960,0,0,0,0,8,116968.45.00
1/3/2015,Quarter1,sweing,Saturday,4,0.7,24.09.00,544,13800,0,0,0,0,60,11668900.38.00
1/3/2015,Quarter1,sweing,Saturday,9,0.7,28.08.00,1072,6900,40,0,0,0,57.5,11666086.57.00
1/3/2015,Quarter1,finishing,Saturday,8,0.8,2.9,,960,0,0,0,0,8,10472222.13.00
1/3/2015,Quarter1,finishing,Saturday,7,0.8,4.34,,960,0,0,0,0,8,104218.45.00
1/4/2015,Quarter1,finishing,Sunday,3,1.15,4.15,,1560,0,0,0,0,8,16523148.09.00
1/4/2015,Quarter1,finishing,Sunday,9,0.8,4.34,,960,0,0,0,0,8,15527430.33.00
1/4/2015,Quarter1,finishing,Sunday,1,0.8,4.34,,960,0,0,0,0,8,15253819.27.00
1/4/2015,Quarter1,sweing,Sunday,6,0.8,12.01,539,6975,50,0,0,0,31,14661908.02.00
1/4/2015,Quarter1,finishing,Sunday,4,0.8,4.34,,6600,0,0,0,0,20,14361316.52.00
1/4/2015,Quarter1,sweing,Sunday,9,0.8,26.16.00,1278,7080,60,0,0,0,59,14176158.12.00
1/4/2015,Quarter1,sweing,Sunday,7,0.8,25.9,1227,7020,60,0,0,0,56.5,14173940.38.00
1/4/2015,Quarter1,sweing,Sunday,8,0.8,25.9,1039,6780,45,0,0,0,56.5,14172418.53.00
1/4/2015,Quarter1,sweing,Sunday,4,0.8,28.08.00,878,4260,50,0,0,0,55.5,13343300.58.00
1/4/2015,Quarter1,sweing,Sunday,1,0.8,26.16.00,1033,7080,63,0,0,0,59,13338644.04.00
1/4/2015,Quarter1,sweing,Sunday,2,0.8,28.08.00,782,6660,50,0,0,0,55.5,13337297.18.00
1/4/2015,Quarter1,sweing,Sunday,12,0.8,12.01,1216,6975,50,0,0,0,31,13333836.39.00
1/4/2015,Quarter1,finishing,Sunday,2,0.8,4.34,,960,0,0,0,0,8,13201736.07.00
1/4/2015,Quarter1,finishing,Sunday,10,0.7,4.34,,4320,0,0,0,0,18,12653806.35.00
1/4/2015,Quarter1,sweing,Sunday,11,1.15,19.31,513,6480,45,0,0,0,54,12505807.37.00
1/4/2015,Quarter1,sweing,Sunday,3,1.15,20.27,734,6600,45,0,0,0,55,1250405.03.00
1/4/2015,Quarter1,sweing,Sunday,10,0.7,28.08.00,1202,6900,40,0,0,0,57.5,11666086.57.00
1/4/2015,Quarter1,finishing,Sunday,8,0.8,2.9,,960,0,0,0,0,8,11378472.13.00
1/4/2015,Quarter1,finishing,Sunday,7,0.8,2.9,,960,0,0,0,0,8,11126736.07.00
1/4/2015,Quarter1,sweing,Sunday,5,0.7,46.07.00,884,6960,26,0,0,0,58,10057203.04.00
1/4/2015,Quarter1,finishing,Sunday,11,1.15,4.15,,960,0,0,0,0,8,5763888.53.00
1/5/2015,Quarter1,finishing,Monday,1,0.8,4.34,,1920,0,0,0,0,8,16017650.28.00
1/5/2015,Quarter1,finishing,Monday,11,0.8,4.34,,2400,0,0,0,0,10,15658564.49.00
1/5/2015,Quarter1,finishing,Monday,4,0.8,4.34,,3840,0,0,0,0,16,14894386.34.00
1/5/2015,Quarter1,finishing,Monday,3,1.15,4.15,,1920,0,0,0,0,8,14589843.45.00
1/5/2015,Quarter1,sweing,Monday,9,0.8,26.16.00,1227,7080,75,0,0,0,59,14176158.12.00
1/5/2015,Quarter1,finishing,Monday,9,0.8,2.9,,1920,0,0,0,0,8,13680555.33.00
1/5/2015,Quarter1,finishing,Monday,2,0.8,4.34,,960,0,0,0,0,8,13406944.27.00
1/5/2015,Quarter1,sweing,Monday,7,0.8,25.9,1255,6780,50,0,0,0,56.5,13344739.26.00
1/5/2015,Quarter1,sweing,Monday,8,0.8,25.9,1047,6780,38,0,0,0,56.5,13344739.26.00
1/5/2015,Quarter1,sweing,Monday,1,0.8,26.16.00,1138,7080,63,0,0,0,59,13338644.04.00
1/5/2015,Quarter1,sweing,Monday,11,0.8,19.31,678,4800,50,0,0,0,55,13337516.02.00
1/5/2015,Quarter1,sweing,Monday,6,0.8,12.01,712,7200,50,0,0,0,32,13337433.31.00
1/5/2015,Quarter1,sweing,Monday,12,0.8,12.01,1037,7200,50,0,0,0,32,13337433.31.00
1/5/2015,Quarter1,sweing,Monday,2,0.8,28.08.00,757,6900,50,0,0,0,57.5,13334608.42.00
1/5/2015,Quarter1,sweing,Monday,4,0.8,28.08.00,759,6900,50,0,0,0,57.5,13334608.42.00
1/5/2015,Quarter1,finishing,Monday,10,1.15,2.9,,960,0,0,0,0,8,12722.55.00
1/5/2015,Quarter1,finishing,Monday,5,0.6,2.9,,960,0,0,0,0,8,12654513.53.00
1/5/2015,Quarter1,sweing,Monday,10,1.15,28.08.00,1083,7020,45,0,0,0,58.5,125.04.00
1/5/2015,Quarter1,sweing,Monday,3,1.15,20.27,944,6600,45,0,0,0,55,1250405.03.00
1/5/2015,Quarter1,finishing,Monday,7,0.8,4.34,,960,0,0,0,0,8,11277777.47.00
1/5/2015,Quarter1,finishing,Monday,8,0.8,2.9,,960,0,0,0,0,8,11076388.53.00
1/5/2015,Quarter1,sweing,Monday,5,0.6,22.38,666,6960,23,0,0,0,58,10000478.56.00
1/6/2015,Quarter1,finishing,Tuesday,4,0.8,4.34,,4440,0,0,0,0,18,16113022.26.00
1/6/2015,Quarter1,finishing,Tuesday,1,0.8,4.34,,1440,0,0,0,0,8,15608270.12.00
1/6/2015,Quarter1,finishing,Tuesday,3,1.15,4.15,,1800,0,0,0,0,10,14986111.07.00
1/6/2015,Quarter1,finishing,Tuesday,11,0.8,4.15,,2700,0,0,0,0,15,14811447.49.00
1/6/2015,Quarter1,finishing,Tuesday,9,0.8,4.34,,1440,0,0,0,0,8,14302398.59.00
1/6/2015,Quarter1,sweing,Tuesday,1,0.8,26.16.00,1187,10620,75,0,0,0,59,14175038.31.00
1/6/2015,Quarter1,sweing,Tuesday,9,0.8,26.16.00,1305,10620,75,0,0,0,59,14175038.31.00
1/6/2015,Quarter1,finishing,Tuesday,10,1.15,4.34,,1440,0,0,0,0,8,13494002.32.00
1/6/2015,Quarter1,finishing,Tuesday,2,0.8,4.34,,1440,0,0,0,0,8,13431818.11.00
1/6/2015,Quarter1,sweing,Tuesday,2,0.8,28.08.00,716,10350,50,0,0,0,57.5,13343241.06.00
1/6/2015,Quarter1,sweing,Tuesday,4,0.8,28.08.00,925,10350,50,0,0,0,57.5,13343241.06.00
1/6/2015,Quarter1,sweing,Tuesday,3,0.8,20.27,963,9900,50,0,0,0,55,13337897.09.00
1/6/2015,Quarter1,sweing,Tuesday,12,0.8,12.01,1101,5310,50,0,0,0,31.5,13335682.49.00
1/6/2015,Quarter1,sweing,Tuesday,7,0.8,25.9,1035,10170,38,0,0,0,56.5,13335478.41.00
1/6/2015,Quarter1,sweing,Tuesday,8,0.8,25.9,1083,10170,38,0,0,0,56.5,13335478.41.00
1/6/2015,Quarter1,sweing,Tuesday,6,0.8,12.01,910,4470,38,0,0,0,31.5,1333460.57.00
1/6/2015,Quarter1,sweing,Tuesday,10,1.15,28.08.00,1209,10530,45,0,0,0,58.5,12509090.55.00
1/6/2015,Quarter1,sweing,Tuesday,11,1.15,19.31,590,9900,45,0,0,0,55,12500964.11.00
1/6/2015,Quarter1,finishing,Tuesday,8,0.8,2.9,,1440,0,0,0,0,8,11351010.06.00
1/6/2015,Quarter1,sweing,Tuesday,5,1.05,22.38,808,10440,35,0,0,0,58,10833054.41.00
1/6/2015,Quarter1,finishing,Tuesday,7,0.8,2.9,,1440,0,0,0,0,8,1027.05.00
1/7/2015,Quarter1,finishing,Wednesday,1,0.8,4.34,,1440,0,0,0,0,8,15857007.35.00
1/7/2015,Quarter1,finishing,Wednesday,9,0.8,4.34,,1440,0,0,0,0,8,14675505.03.00
1/7/2015,Quarter1,sweing,Wednesday,1,0.8,26.16.00,1179,10620,75,0,0,0,59,14175038.31.00
1/7/2015,Quarter1,sweing,Wednesday,9,0.8,26.16.00,1324,10620,75,0,0,0,59,14175038.31.00
1/7/2015,Quarter1,sweing,Wednesday,8,0.8,25.9,1135,10170,60,0,0,0,56.5,14168946.06.00
1/7/2015,Quarter1,finishing,Wednesday,3,1.15,4.15,,2700,0,0,0,0,15,1.23
1/7/2015,Quarter1,finishing,Wednesday,4,0.8,4.34,,4440,0,0,0,0,18,13786442.24.00
1/7/2015,Quarter1,finishing,Wednesday,2,0.8,4.34,,1440,0,0,0,0,8,13556186.52.00
1/7/2015,Quarter1,finishing,Wednesday,10,1.15,4.34,,1440,0,0,0,0,8,13431818.11.00
1/7/2015,Quarter1,finishing,Wednesday,7,0.8,2.9,,1440,0,0,0,0,8,13410669.12.00
1/7/2015,Quarter1,sweing,Wednesday,2,0.8,28.08.00,776,10350,63,0,0,0,57.5,13343241.06.00
1/7/2015,Quarter1,sweing,Wednesday,4,0.8,28.08.00,990,10350,50,0,0,0,57.5,13343241.06.00
1/7/2015,Quarter1,sweing,Wednesday,6,0.8,11.41,986,5490,50,0,0,0,30.5,13339062.46.00
1/7/2015,Quarter1,sweing,Wednesday,3,0.8,20.27,924,9900,50,0,0,0,55,13337897.09.00
1/7/2015,Quarter1,sweing,Wednesday,12,0.8,12.01,1120,5670,50,0,0,0,31.5,13337445.53.00
1/7/2015,Quarter1,sweing,Wednesday,7,0.8,25.9,1066,10170,50,0,0,0,56.5,13335478.41.00
1/7/2015,Quarter1,sweing,Wednesday,10,1.15,28.08.00,1144,10530,69,0,0,0,58.5,0.8
1/7/2015,Quarter1,sweing,Wednesday,5,0.7,22.38,413,9720,40,0,0,0,58,11674680.31.00
1/7/2015,Quarter1,finishing,Wednesday,8,0.8,2.9,,1440,0,0,0,0,8,11351010.06.00
1/7/2015,Quarter1,finishing,Wednesday,6,0.8,2.9,,1800,0,0,0,0,10,11108585.52.00
1/7/2015,Quarter1,sweing,Wednesday,11,0.8,32.23.00,568,9900,40,0,0,0,55,6868663.55.00
1/7/2015,Quarter1,finishing,Wednesday,5,0.7,4.15,,1440,0,0,0,0,8,5501893.56.00
1/8/2015,Quarter2,finishing,Thursday,1,0.8,4.34,,1440,0,0,0,0,8,15794823.14.00
1/8/2015,Quarter2,finishing,Thursday,4,0.8,4.34,,12600,0,0,0,0,20,15331756.45.00
1/8/2015,Quarter2,sweing,Thursday,9,0.8,26.16.00,1216,10620,88,0,0,0,59,15003595.16.00
1/8/2015,Quarter2,finishing,Thursday,9,0.8,4.34,,1440,0,0,0,0,8,14862058.05.00
1/8/2015,Quarter2,sweing,Thursday,1,0.8,26.16.00,1189,10620,75,0,0,0,59,14175038.31.00
1/8/2015,Quarter2,sweing,Thursday,4,0.8,28.08.00,942,10530,75,0,0,0,58.5,14169696.58.00
1/8/2015,Quarter2,sweing,Thursday,7,0.8,25.9,1050,10170,60,0,0,0,56.5,14168946.06.00
1/8/2015,Quarter2,sweing,Thursday,8,0.8,25.9,1026,10170,60,0,0,0,56.5,14168946.06.00
1/8/2015,Quarter2,finishing,Thursday,2,0.8,4.34,,1440,0,0,0,0,8,13929292.56.00
1/8/2015,Quarter2,finishing,Thursday,5,0.7,4.15,,3840,0,0,0,0,8,13689236.07.00
1/8/2015,Quarter2,sweing,Thursday,2,0.8,28.08.00,783,10050,63,0,0,0,58.5,13341620.46.00
1/8/2015,Quarter2,sweing,Thursday,3,0.8,20.27,857,9900,50,0,0,0,55,13337897.09.00
1/8/2015,Quarter2,sweing,Thursday,12,0.8,12.01,548,15120,63,0,0,0,31.5,13335119.03.00
1/8/2015,Quarter2,sweing,Thursday,6,0.8,11.41,411,14640,50,0,0,0,30.5,13333748.52.00
1/8/2015,Quarter2,sweing,Thursday,10,1.15,28.08.00,1066,10530,69,0,0,0,58.5,0.8
1/8/2015,Quarter2,finishing,Thursday,10,1.15,4.34,,1440,0,0,0,0,8,12996527.47.00
1/8/2015,Quarter2,finishing,Thursday,8,0.8,2.9,,1440,0,0,0,0,8,12266414.08.00
1/8/2015,Quarter2,finishing,Thursday,3,1.15,4.15,,2160,0,0,0,0,12,11877104.23.00
1/8/2015,Quarter2,finishing,Thursday,7,0.8,2.9,,1440,0,0,0,0,8,11351010.06.00
1/8/2015,Quarter2,finishing,Thursday,11,0.8,4.15,,900,0,0,0,0,5,8593434.21.00
1/8/2015,Quarter2,sweing,Thursday,11,0.35,12.52,287,25920,38,0,0,0,54,5832523.09.00
1/8/2015,Quarter2,sweing,Thursday,5,0.7,42.41.00,724,10260,0,0,0,0,57,3895091.16.00
1/10/2015,Quarter2,finishing,Saturday,1,0.8,4.34,,2160,0,0,0,0,8,16.25
1/10/2015,Quarter2,finishing,Saturday,3,1.15,4.15,,2760,0,0,0,0,12,15505672.56.00
1/10/2015,Quarter2,finishing,Saturday,4,0.8,4.34,,6000,0,0,0,0,20,15193162.24.00
1/10/2015,Quarter2,finishing,Saturday,9,0.8,4.34,,1440,0,0,0,0,8,14302398.59.00
1/10/2015,Quarter2,sweing,Saturday,9,0.8,26.16.00,1122,10620,75,0,0,0,59,14186235.14.00
1/10/2015,Quarter2,sweing,Saturday,7,0.8,25.9,970,10170,60,0,0,0,56.5,14168946.06.00
1/10/2015,Quarter2,sweing,Saturday,8,0.8,25.9,1158,10170,60,0,0,0,56.5,14168946.06.00
1/10/2015,Quarter2,finishing,Saturday,10,0.8,4.34,,1440,0,0,0,0,8,14115845.58.00
1/10/2015,Quarter2,finishing,Saturday,11,0.8,4.15,,1440,0,0,0,0,8,13623737.22.00
1/10/2015,Quarter2,finishing,Saturday,2,0.8,4.34,,1440,0,0,0,0,8,13618371.13.00
1/10/2015,Quarter2,sweing,Saturday,4,0.8,28.08.00,660,10440,63,0,0,0,58,13350470.13.00
1/10/2015,Quarter2,sweing,Saturday,2,0.8,28.08.00,749,10350,63,0,0,0,57.5,13343241.06.00
1/10/2015,Quarter2,sweing,Saturday,12,0.8,12.01,893,4710,50,0,0,0,31.5,13339107.25.00
1/10/2015,Quarter2,sweing,Saturday,6,0.8,11.41,887,5490,50,0,0,0,30.5,13339062.46.00
1/10/2015,Quarter2,sweing,Saturday,1,0.8,26.16.00,1335,10620,63,0,0,0,59,13335285.03.00
1/10/2015,Quarter2,sweing,Saturday,10,0.8,28.08.00,1082,10530,63,0,0,0,58.5,0.8
1/10/2015,Quarter2,sweing,Saturday,3,1.15,20.27,1075,7080,45,0,0,0,56,12501639.11.00
1/10/2015,Quarter2,sweing,Saturday,11,0.5,12.52,749,9540,38,0,0,0,53,11220754.43.00
1/10/2015,Quarter2,finishing,Saturday,7,0.8,2.9,,1440,0,0,0,0,8,11167929.18.00
1/10/2015,Quarter2,finishing,Saturday,8,0.8,2.9,,1440,0,0,0,0,8,10481376.16.00
1/10/2015,Quarter2,sweing,Saturday,5,0.5,21.19,966,7680,0,0,0,0,56,6466796.53.00
1/10/2015,Quarter2,finishing,Saturday,5,0.5,4.15,,1440,0,0,0,0,8,5632891.25.00
1/11/2015,Quarter2,finishing,Sunday,3,1.15,4.15,,1440,0,0,0,0,8,1558869.57.00
1/11/2015,Quarter2,finishing,Sunday,4,0.8,4.34,,3600,0,0,0,0,20,15427398.59.00
1/11/2015,Quarter2,sweing,Sunday,9,0.8,26.16.00,1095,10620,88,0,0,0,59,15003595.16.00
1/11/2015,Quarter2,finishing,Sunday,1,0.8,4.34,,1440,0,0,0,0,8,14551136.22.00
1/11/2015,Quarter2,finishing,Sunday,9,0.8,4.34,,1440,0,0,0,0,8,14302398.59.00
1/11/2015,Quarter2,sweing,Sunday,1,0.8,26.16.00,1383,10620,75,0,0,0,59,14175038.31.00
1/11/2015,Quarter2,sweing,Sunday,7,0.8,25.9,1012,10170,45,0,0,0,56.5,14168946.06.00
1/11/2015,Quarter2,sweing,Sunday,8,0.8,25.9,1209,10170,60,0,0,0,56.5,14168946.06.00
1/11/2015,Quarter2,finishing,Sunday,10,0.8,4.34,,1440,0,0,0,0,8,13804924.15.00
1/11/2015,Quarter2,finishing,Sunday,2,0.8,4.34,,1440,0,0,0,0,8,13680555.33.00
1/11/2015,Quarter2,sweing,Sunday,6,0.8,11.41,887,5490,50,0,0,0,30.5,13339062.46.00
1/11/2015,Quarter2,sweing,Sunday,12,0.8,12.01,896,5670,50,0,0,0,31.5,13337445.53.00
1/11/2015,Quarter2,sweing,Sunday,2,0.8,28.08.00,805,10530,63,0,0,0,58.5,0.8
1/11/2015,Quarter2,sweing,Sunday,10,0.8,28.08.00,762,10530,38,0,0,0,58.5,0.8
1/11/2015,Quarter2,sweing,Sunday,3,0.8,20.27,1043,6420,0,0,0,0,55,11503046.55.00
1/11/2015,Quarter2,finishing,Sunday,11,0.8,4.15,,1440,0,0,0,0,8,11134785.21.00
1/11/2015,Quarter2,finishing,Sunday,8,0.8,2.9,,1440,0,0,0,0,8,10893308.05.00
1/11/2015,Quarter2,finishing,Sunday,5,0.5,4.15,,1440,0,0,0,0,8,10152304.18.00
1/11/2015,Quarter2,sweing,Sunday,11,0.6,12.52,831,9540,30,0,0,0,53,10003830.46.00
1/11/2015,Quarter2,finishing,Sunday,6,0.8,2.9,,1440,0,0,0,0,8,9955808.05.00
1/11/2015,Quarter2,finishing,Sunday,7,0.8,2.9,,1440,0,0,0,0,8,9840593.26.00
1/11/2015,Quarter2,sweing,Sunday,4,0.8,50.48.00,562,10440,0,0,0,0,58,7885579.56.00
1/11/2015,Quarter2,sweing,Sunday,5,0.6,21.19,1208,7980,0,0,0,0,57,7549660.26.00
1/12/2015,Quarter2,finishing,Monday,1,0.8,4.34,,1440,0,0,0,0,8,15919191.55.00
1/12/2015,Quarter2,finishing,Monday,4,0.35,4.3,,3240,0,0,0,0,18,15703563.25.00
1/12/2015,Quarter2,finishing,Monday,3,0.8,4.15,,1800,0,0,0,0,10,15090909.05.00
1/12/2015,Quarter2,finishing,Monday,2,0.8,4.34,,1440,0,0,0,0,8,14675505.03.00
1/12/2015,Quarter2,finishing,Monday,9,0.8,4.34,,1440,0,0,0,0,8,14302398.59.00
1/12/2015,Quarter2,sweing,Monday,1,0.8,26.16.00,1099,8220,75,0,0,0,59,14175369.27.00
1/12/2015,Quarter2,sweing,Monday,9,0.8,26.16.00,1093,10620,75,0,0,0,59,14175038.31.00
1/12/2015,Quarter2,sweing,Monday,7,0.8,25.9,1031,10170,60,0,0,0,56.5,14168946.06.00
1/12/2015,Quarter2,sweing,Monday,8,0.8,25.9,1233,10170,60,0,0,0,56.5,14168946.06.00
1/12/2015,Quarter2,finishing,Monday,6,0.8,2.9,,1440,0,0,0,0,8,13623737.22.00
1/12/2015,Quarter2,finishing,Monday,5,1.05,4.15,,1440,0,0,0,0,8,13492739.54.00
1/12/2015,Quarter2,sweing,Monday,3,0.8,20.27,941,9900,0,0,0,0,55,13337897.09.00
1/12/2015,Quarter2,sweing,Monday,6,0.8,11.41,843,5670,50,0,0,0,31.5,13336363.38.00
1/12/2015,Quarter2,sweing,Monday,12,0.8,12.01,760,4470,50,0,0,0,31.5,1333460.57.00
1/12/2015,Quarter2,sweing,Monday,2,0.8,28.08.00,737,10530,63,0,0,0,58.5,0.8
1/12/2015,Quarter2,finishing,Monday,8,0.8,2.9,,1440,0,0,0,0,8,12.05
1/12/2015,Quarter2,sweing,Monday,10,0.8,50.48.00,381,6930,45,0,0,0,58.5,11475959.15.00
1/12/2015,Quarter2,sweing,Monday,5,1.05,21.19,1141,8460,0,0,0,0,59,10834013.03.00
1/12/2015,Quarter2,sweing,Monday,11,1.05,12.52,1004,9540,44,0,0,0,53,1083300.56.00
1/12/2015,Quarter2,finishing,Monday,7,0.8,2.9,,1440,0,0,0,0,8,10801767.41.00
1/12/2015,Quarter2,finishing,Monday,11,0.8,4.15,,1440,0,0,0,0,8,10676294.12.00
1/12/2015,Quarter2,sweing,Monday,4,0.35,22.4,581,7350,0,0,0,0,51.5,584388.19.00
1/12/2015,Quarter2,finishing,Monday,10,0.8,4.34,,1440,0,0,0,0,8,410.25.00
1/13/2015,Quarter2,finishing,Tuesday,4,0.35,4.3,,2160,0,0,0,0,12,15867003.22.00
1/13/2015,Quarter2,finishing,Tuesday,1,0.8,4.34,,1440,0,0,0,0,2,15857007.35.00
1/13/2015,Quarter2,finishing,Tuesday,10,0.8,4.34,,5400,0,0,0,0,20,15212777.47.00
1/13/2015,Quarter2,finishing,Tuesday,3,0.8,4.15,,1620,0,0,0,0,9,15021043.46.00
1/13/2015,Quarter2,finishing,Tuesday,9,0.8,4.34,,1440,0,0,0,0,8,14302398.59.00
1/13/2015,Quarter2,sweing,Tuesday,1,0.8,26.16.00,1073,10620,75,0,0,0,59,14175038.31.00
1/13/2015,Quarter2,sweing,Tuesday,9,0.8,26.16.00,1156,10620,75,0,0,0,59,14175038.31.00
1/13/2015,Quarter2,sweing,Tuesday,8,0.8,25.9,1211,10260,60,0,0,0,57,14170875.25.00
1/13/2015,Quarter2,sweing,Tuesday,7,0.8,25.9,1126,10170,60,0,0,0,56.5,14168946.06.00
1/13/2015,Quarter2,finishing,Tuesday,5,1.05,4.15,,1440,0,0,0,0,8,13689236.07.00
1/13/2015,Quarter2,finishing,Tuesday,2,0.8,4.34,,1440,0,0,0,0,8,13431818.11.00
1/13/2015,Quarter2,sweing,Tuesday,6,0.8,12.01,1004,5670,50,0,0,0,31.5,13337445.53.00
1/13/2015,Quarter2,sweing,Tuesday,12,0.8,12.01,1063,5670,50,0,0,0,31.5,13337445.53.00
1/13/2015,Quarter2,sweing,Tuesday,2,0.8,28.08.00,723,10530,50,0,0,0,58.5,0.8
1/13/2015,Quarter2,sweing,Tuesday,3,0.8,42.27.00,465,9900,54,0,0,0,55,11759609.44.00
1/13/2015,Quarter2,finishing,Tuesday,8,0.8,2.9,,1440,0,0,0,0,8,11351010.06.00
1/13/2015,Quarter2,finishing,Tuesday,7,0.8,2.9,,1440,0,0,0,0,8,11167929.18.00
1/13/2015,Quarter2,finishing,Tuesday,11,0.8,4.15,,1440,0,0,0,0,8,10021306.49.00
1/13/2015,Quarter2,sweing,Tuesday,11,0.7,27.13.00,530,9540,37,0,0,0,53,9705017.09.00
1/13/2015,Quarter2,sweing,Tuesday,5,0.7,21.19,1297,10440,0,0,0,0,58,8780172.25.00
1/13/2015,Quarter2,sweing,Tuesday,4,0.5,22.4,783,10170,23,0,0,0,56.5,8339679.59.00
1/13/2015,Quarter2,sweing,Tuesday,10,0.35,22.4,715,10170,23,0,0,0,56.5,583677.29.00
1/14/2015,Quarter2,finishing,Wednesday,11,0.8,4.15,,1980,0,0,0,0,7,15576790.38.00
1/14/2015,Quarter2,finishing,Wednesday,4,0.35,4.3,,2700,0,0,0,0,8,15134680.08.00
1/14/2015,Quarter2,sweing,Wednesday,7,0.8,25.9,1150,10170,70,0,0,0,56.5,15002413.31.00
1/14/2015,Quarter2,finishing,Wednesday,1,0.8,4.34,,1440,0,0,0,0,8,14862058.05.00
1/14/2015,Quarter2,finishing,Wednesday,5,1.05,4.15,,1440,0,0,0,0,15,14409722.13.00
1/14/2015,Quarter2,finishing,Wednesday,9,0.8,4.34,,1440,0,0,0,0,8,14302398.59.00
1/14/2015,Quarter2,sweing,Wednesday,9,0.8,26.16.00,1232,10620,75,0,0,0,59,14175038.31.00
1/14/2015,Quarter2,sweing,Wednesday,8,0.8,25.9,1218,10170,60,0,0,0,56.5,14168946.06.00
1/14/2015,Quarter2,finishing,Wednesday,7,0.8,2.9,,1440,0,0,0,0,8,13959911.37.00
1/14/2015,Quarter2,finishing,Wednesday,3,0.8,4.15,,1440,0,0,0,0,7,13680555.33.00
1/14/2015,Quarter2,sweing,Wednesday,12,0.8,12.01,1159,2970,50,0,0,0,31.5,13338557.13.00
1/14/2015,Quarter2,sweing,Wednesday,6,0.8,12.01,972,5670,38,0,0,0,31.5,13337445.53.00
1/14/2015,Quarter2,sweing,Wednesday,1,0.8,26.16.00,1092,10620,63,0,0,0,59,13335285.03.00
1/14/2015,Quarter2,sweing,Wednesday,5,0.7,21.19,965,7320,0,0,0,0,58,11668259.23.00
1/14/2015,Quarter2,finishing,Wednesday,8,0.8,2.9,,1440,0,0,0,0,8,11122159.05.00
1/14/2015,Quarter2,sweing,Wednesday,4,0.6,22.4,816,5100,23,0,0,0,57,10006161.26.00
1/14/2015,Quarter2,sweing,Wednesday,10,0.5,22.4,947,3390,23,0,0,0,56.5,8333005.34.00
1/14/2015,Quarter2,sweing,Wednesday,11,0.35,15.01,838,7200,23,0,0,0,55,583385.25.00
1/14/2015,Quarter2,finishing,Wednesday,10,0.8,4.34,,1260,0,0,0,0,8,5539321.47.00
1/14/2015,Quarter2,sweing,Wednesday,2,0.8,51.02.00,1086,4260,27,0,0,0,57,5186791.04.00
1/14/2015,Quarter2,finishing,Wednesday,2,0.8,4.34,,1260,0,0,0,0,8,4121933.37.00
1/15/2015,Quarter3,finishing,Thursday,4,0.35,4.3,,3600,0,0,0,0,20,16477272.44.00
1/15/2015,Quarter3,finishing,Thursday,10,0.8,4.34,,3420,0,0,0,0,19,15885167.28.00
1/15/2015,Quarter3,finishing,Thursday,1,0.8,4.34,,1440,0,0,0,0,8,14737689.24.00
1/15/2015,Quarter3,finishing,Thursday,5,1.05,4.15,,1440,0,0,0,0,8,14344223.29.00
1/15/2015,Quarter3,finishing,Thursday,9,0.8,4.34,,1440,0,0,0,0,8,14302398.59.00
1/15/2015,Quarter3,sweing,Thursday,1,0.8,26.16.00,1160,10620,75,0,0,0,59,14175038.31.00
1/15/2015,Quarter3,sweing,Thursday,8,0.8,25.9,1177,8970,60,0,0,0,56.5,14173593.48.00
1/15/2015,Quarter3,sweing,Thursday,7,0.8,25.9,1281,10170,60,0,0,0,56.5,14168946.06.00
1/15/2015,Quarter3,sweing,Thursday,9,0.8,26.16.00,1369,10620,63,0,0,0,59,13335285.03.00
1/15/2015,Quarter3,sweing,Thursday,6,0.8,12.01,1084,4950,38,0,0,0,31.5,1333385.39.00
1/15/2015,Quarter3,sweing,Thursday,12,0.8,12.01,1216,4950,50,0,0,0,31.5,1333385.39.00
1/15/2015,Quarter3,sweing,Thursday,5,0.7,21.19,391,10440,0,0,0,0,58,11667672.25.00
1/15/2015,Quarter3,finishing,Thursday,7,0.8,2.9,,1440,0,0,0,0,8,11488320.42.00
1/15/2015,Quarter3,sweing,Thursday,3,0.5,22.52,1102,10170,30,0,0,0,56.5,11011388.13.00
1/15/2015,Quarter3,sweing,Thursday,4,1.05,22.52,872,10080,26,0,0,0,56,10835515.52.00
1/15/2015,Quarter3,finishing,Thursday,8,0.8,2.9,,1440,0,0,0,0,8,10115214.39.00
1/15/2015,Quarter3,sweing,Thursday,10,0.6,22.52,1076,10170,23,0,0,0,56.5,10004862.47.00
1/15/2015,Quarter3,sweing,Thursday,11,0.5,15.29,917,9900,30,0,0,0,55,8333751.09.00
1/15/2015,Quarter3,sweing,Thursday,2,0.5,23.34,1044,9810,23,0,0,0,54.5,8333314.48.00
1/17/2015,Quarter3,finishing,Saturday,5,1.05,4.15,,2700,0,0,0,0,15,1645328.17.00
1/17/2015,Quarter3,finishing,Saturday,2,0.8,4.34,,1800,0,0,0,0,10,16348484.51.00
1/17/2015,Quarter3,finishing,Saturday,10,0.8,4.34,,1440,0,0,0,0,8,16243686.52.00
1/17/2015,Quarter3,finishing,Saturday,1,0.8,4.34,,1440,0,0,0,0,8,14737689.24.00
1/17/2015,Quarter3,finishing,Saturday,9,0.8,4.34,,1800,0,0,0,0,10,1378005.03.00
1/17/2015,Quarter3,sweing,Saturday,6,0.8,11.41,1067,5490,63,0,0,0,30.5,13339062.46.00
1/17/2015,Quarter3,sweing,Saturday,12,0.8,12.01,1039,5670,63,0,0,0,31.5,13337445.53.00
1/17/2015,Quarter3,sweing,Saturday,7,0.8,25.9,1396,10170,50,0,0,0,56.5,13335478.41.00
1/17/2015,Quarter3,sweing,Saturday,8,0.8,25.9,1292,10170,50,0,0,0,56.5,13335478.41.00
1/17/2015,Quarter3,sweing,Saturday,1,0.8,49.08.00,171,10620,63,0,0,0,59,13335285.03.00
1/17/2015,Quarter3,sweing,Saturday,9,0.8,26.16.00,1128,10620,63,0,0,0,59,13335285.03.00
1/17/2015,Quarter3,sweing,Saturday,2,0.6,23.34,865,6570,23,0,0,0,56.5,1283523.18.00
1/17/2015,Quarter3,sweing,Saturday,4,0.7,22.52,825,10170,50,0,0,0,56.5,116756.57.00
1/17/2015,Quarter3,finishing,Saturday,8,0.8,2.9,,1440,0,0,0,0,8,11259469.42.00
1/17/2015,Quarter3,finishing,Saturday,7,0.8,2.9,,1440,0,0,0,0,8,11030618.41.00
1/17/2015,Quarter3,sweing,Saturday,10,1.05,22.52,1163,9720,35,0,0,0,54,10836644.13.00
1/17/2015,Quarter3,sweing,Saturday,3,0.6,22.52,1140,10170,30,0,0,0,56.5,10004862.47.00
1/17/2015,Quarter3,sweing,Saturday,11,0.6,15.29,1027,10080,38,0,0,0,56,10004554.28.00
1/17/2015,Quarter3,finishing,Saturday,6,0.8,2.9,,900,0,0,0,0,5,7762626.16.00
1/17/2015,Quarter3,sweing,Saturday,5,0.7,41.19.00,1052,10440,21,0,0,0,58,7533542.19.00
1/17/2015,Quarter3,finishing,Saturday,11,0.8,4.15,,1260,0,0,0,0,7,5230880.14.00
1/18/2015,Quarter3,finishing,Sunday,5,0.6,4.15,,1440,0,0,0,0,8,14213226.01.00
1/18/2015,Quarter3,finishing,Sunday,11,1.05,4.15,,2160,0,0,0,0,12,13973063.58.00
1/18/2015,Quarter3,finishing,Sunday,6,0.8,2.9,,1800,0,0,0,0,10,13414141.25.00
1/18/2015,Quarter3,sweing,Sunday,6,0.8,11.41,1140,5490,63,0,0,0,30.5,13339062.46.00
1/18/2015,Quarter3,sweing,Sunday,7,0.8,49.24.00,624,10170,50,0,0,0,56.5,13335478.41.00
1/18/2015,Quarter3,sweing,Sunday,8,0.8,25.9,1288,10170,38,0,0,0,56.5,13335478.41.00
1/18/2015,Quarter3,sweing,Sunday,9,0.8,26.16.00,1381,3660,50,0,0,0,59,13333583.29.00
1/18/2015,Quarter3,sweing,Sunday,4,0.7,22.52,882,10170,50,0,0,0,56.5,116756.57.00
1/18/2015,Quarter3,sweing,Sunday,10,0.7,22.52,1002,10080,40,0,0,0,56,11668235.56.00
1/18/2015,Quarter3,finishing,Sunday,7,0.8,2.9,,1440,0,0,0,0,8,11534090.55.00
1/18/2015,Quarter3,sweing,Sunday,12,0.8,27.27.00,585,5670,56,0,0,0,31.5,11037598.12.00
1/18/2015,Quarter3,sweing,Sunday,3,1.05,22.52,1138,10170,35,0,0,0,56.5,10840278.54.00
1/18/2015,Quarter3,sweing,Sunday,11,1.05,15.29,1140,10260,44,0,0,0,57,10838326.15.00
1/18/2015,Quarter3,sweing,Sunday,2,1.05,23.34,1025,10170,26,0,0,0,56.5,10837391.37.00
1/18/2015,Quarter3,finishing,Sunday,8,0.8,2.9,,1440,0,0,0,0,8,10664457.04.00
1/18/2015,Quarter3,sweing,Sunday,5,0.6,20.4,1031,10440,30,0,0,0,58,10001044.56.00
1/18/2015,Quarter3,finishing,Sunday,9,0.8,4.34,,1800,0,0,0,0,10,9700757.35.00
1/18/2015,Quarter3,sweing,Sunday,1,0.8,49.1,1381,10350,24,0,0,0,57.5,6720702.41.00
1/18/2015,Quarter3,finishing,Sunday,10,0.7,4.34,,1440,0,0,0,0,8,3929924.15.00
1/19/2015,Quarter3,finishing,Monday,4,0.7,4.3,,5040,0,0,0,0,28,16287878.47.00
1/19/2015,Quarter3,finishing,Monday,9,0.8,4.34,,1800,0,0,0,0,10,16068434.21.00
1/19/2015,Quarter3,finishing,Monday,5,1.05,4.15,,1440,0,0,0,0,8,15981691.55.00
1/19/2015,Quarter3,sweing,Monday,6,0.8,11.41,1028,4380,50,0,0,0,31,13339312.55.00
1/19/2015,Quarter3,sweing,Monday,8,0.8,25.9,1380,3630,50,0,0,0,56.5,13336043.22.00
1/19/2015,Quarter3,sweing,Monday,9,0.8,26.16.00,1196,10620,63,0,0,0,59,13335285.03.00
1/19/2015,Quarter3,finishing,Monday,12,0.8,2.9,,1440,0,0,0,0,8,13230744.57.00
1/19/2015,Quarter3,sweing,Monday,2,0.7,23.34,1006,10170,38,0,0,0,56.5,12508626.05.00
1/19/2015,Quarter3,sweing,Monday,4,0.7,22.52,930,10260,63,0,0,0,57,12501134.09.00
1/19/2015,Quarter3,sweing,Monday,3,0.7,22.52,1095,10170,50,0,0,0,56.5,12501045.51.00
1/19/2015,Quarter3,sweing,Monday,10,0.7,22.52,938,10080,63,0,0,0,56,12500955.59.00
1/19/2015,Quarter3,sweing,Monday,11,0.7,15.29,1484,10260,50,0,0,0,57,11669506.28.00
1/19/2015,Quarter3,finishing,Monday,8,0.8,2.9,,1440,0,0,0,0,8,11396780.18.00
1/19/2015,Quarter3,sweing,Monday,5,1.05,20.4,1255,8280,35,0,0,0,58,10834440.45.00
1/19/2015,Quarter3,sweing,Monday,7,0.8,49.24.00,1040,10260,30,0,0,0,57,9607673.13.00
1/19/2015,Quarter3,sweing,Monday,1,0.5,23.34,1492,10170,30,0,0,0,56.5,9166157.09.00
1/19/2015,Quarter3,finishing,Monday,10,0.7,4.34,,1440,0,0,0,0,8,8973327.01.00
1/19/2015,Quarter3,finishing,Monday,11,0.7,4.15,,1440,0,0,0,0,8,6825757.35.00
1/19/2015,Quarter3,sweing,Monday,12,0.35,15.26,1111,6120,23,0,0,0,34,583697.16.00
1/20/2015,Quarter3,finishing,Tuesday,5,0.7,4.15,,1440,0,0,0,0,8,559502.16.00
1/20/2015,Quarter3,sweing,Tuesday,6,0.8,11.41,1047,5580,63,0,0,0,31,13337691.26.00
1/20/2015,Quarter3,sweing,Tuesday,8,0.8,25.9,1434,10170,50,0,0,0,56.5,13335478.41.00
1/20/2015,Quarter3,sweing,Tuesday,9,0.8,26.16.00,399,10620,63,0,0,0,59,13335285.03.00
1/20/2015,Quarter3,sweing,Tuesday,4,0.7,22.52,983,10260,63,0,0,0,57,12501134.09.00
1/20/2015,Quarter3,sweing,Tuesday,10,0.7,22.52,1108,10080,63,0,0,0,56,12500955.59.00
1/20/2015,Quarter3,sweing,Tuesday,3,0.7,22.52,1134,8460,50,0,0,0,57,12500632.48.00
1/20/2015,Quarter3,sweing,Tuesday,2,0.7,23.34,1363,10260,50,0,0,0,57,12500531.38.00
1/20/2015,Quarter3,finishing,Tuesday,9,0.8,4.34,,1800,0,0,0,0,10,1213838.23.00
1/20/2015,Quarter3,sweing,Tuesday,11,0.7,15.29,1501,10260,50,0,0,0,57,11669506.28.00
1/20/2015,Quarter3,sweing,Tuesday,5,0.7,20.4,1352,10260,50,0,0,0,57,11667729.56.00
1/20/2015,Quarter3,finishing,Tuesday,8,0.8,2.9,,1440,0,0,0,0,8,10664457.04.00
1/20/2015,Quarter3,sweing,Tuesday,12,0.5,15.26,1352,3720,23,0,0,0,34,8338173.39.00
1/20/2015,Quarter3,sweing,Tuesday,7,0.35,23.34,1450,10080,30,0,0,0,56,6672213.12.00
1/20/2015,Quarter3,finishing,Tuesday,11,0.7,4.15,,2700,0,0,0,0,15,6044444.27.00
1/21/2015,Quarter3,finishing,Wednesday,4,1.15,4.3,,6000,0,0,0,0,20,16308760.41.00
1/21/2015,Quarter3,finishing,Wednesday,2,0.7,4.34,,5100,0,0,0,0,17,15203368.32.00
1/21/2015,Quarter3,sweing,Wednesday,4,1.15,22.52,825,10080,94,0,0,0,56,15009271.17.00
1/21/2015,Quarter3,sweing,Wednesday,6,0.8,12.01,916,5760,75,0,0,0,89,14173508.31.00
1/21/2015,Quarter3,finishing,Wednesday,9,0.8,4.34,,2400,0,0,0,0,8,13785790.36.00
1/21/2015,Quarter3,sweing,Wednesday,8,0.8,25.9,562,7470,38,0,0,0,56.5,13340609.02.00
1/21/2015,Quarter3,sweing,Wednesday,2,0.7,23.34,1422,10500,60,0,0,0,57,13340262.22.00
1/21/2015,Quarter3,sweing,Wednesday,10,0.7,22.52,1206,10080,75,0,0,0,56,13333676.03.00
1/21/2015,Quarter3,finishing,Wednesday,5,0.7,4.15,,2400,0,0,0,0,8,12636217.57.00
1/21/2015,Quarter3,sweing,Wednesday,5,0.7,20.4,1404,10440,50,0,0,0,58,12505747.08.00
1/21/2015,Quarter3,sweing,Wednesday,3,0.7,22.52,1139,10260,63,0,0,0,57,12501134.09.00
1/21/2015,Quarter3,sweing,Wednesday,11,0.7,15.29,1735,10260,50,0,0,0,57,11669506.28.00
1/21/2015,Quarter3,sweing,Wednesday,1,1.05,23.34,1595,10260,34,0,0,0,57,11667162.51.00
1/21/2015,Quarter3,sweing,Wednesday,12,0.6,15.26,1245,6360,23,0,0,0,34,1000288.04.00
1/21/2015,Quarter3,finishing,Wednesday,8,0.8,2.9,,2400,0,0,0,0,8,9914529.55.00
1/21/2015,Quarter3,sweing,Wednesday,9,0.8,54.56.00,757,4140,29,0,0,0,58,8670627.29.00
1/21/2015,Quarter3,finishing,Wednesday,1,1.05,4.34,,2400,0,0,0,0,8,8418803.25.00
1/21/2015,Quarter3,sweing,Wednesday,7,0.5,22.52,1720,10080,23,0,0,0,56,8337355.42.00
1/21/2015,Quarter3,finishing,Wednesday,11,0.7,4.15,,2700,0,0,0,0,9,7846153.51.00
1/22/2015,Quarter4,finishing,Thursday,7,0.6,4.34,,6000,0,0,0,0,10,15960648.09.00
1/22/2015,Quarter4,finishing,Thursday,10,1.15,4.34,,8400,0,0,0,0,14,15678350.58.00
1/22/2015,Quarter4,sweing,Thursday,4,1.15,22.52,759,10080,81,0,0,0,56,14166396.06.00
1/22/2015,Quarter4,sweing,Thursday,2,0.7,23.34,1510,10620,60,0,0,0,57,13338379.51.00
1/22/2015,Quarter4,sweing,Thursday,6,0.8,12.01,955,6360,63,0,0,0,32,13336533.09.00
1/22/2015,Quarter4,sweing,Thursday,10,1.15,22.52,1328,10080,55,0,0,0,56,13333676.03.00
1/22/2015,Quarter4,sweing,Thursday,1,0.7,23.34,1384,12180,63,0,0,0,57,12502706.07.00
1/22/2015,Quarter4,sweing,Thursday,3,0.7,22.52,1244,10260,63,0,0,0,57,12501134.09.00
1/22/2015,Quarter4,finishing,Thursday,5,0.7,4.15,,9000,0,0,0,0,15,12381687.15.00
1/22/2015,Quarter4,sweing,Thursday,5,0.7,20.4,1480,10440,40,0,0,0,58,11670846.24.00
1/22/2015,Quarter4,sweing,Thursday,11,0.7,15.29,1863,10260,50,0,0,0,57,11669506.28.00
1/22/2015,Quarter4,finishing,Thursday,4,1.15,4.3,,9000,0,0,0,0,15,11170267.29.00
1/22/2015,Quarter4,finishing,Thursday,1,0.7,4.34,,15000,0,0,0,0,25,10827703.42.00
1/22/2015,Quarter4,finishing,Thursday,2,0.7,4.34,,15000,0,0,0,0,25,10827703.42.00
1/22/2015,Quarter4,finishing,Thursday,6,0.8,2.9,,4800,0,0,0,0,8,10447048.37.00
1/22/2015,Quarter4,sweing,Thursday,12,0.6,15.26,1492,6960,23,0,0,0,34,10007273.46.00
1/22/2015,Quarter4,sweing,Thursday,7,0.6,22.52,1859,10260,23,0,0,0,57,1000689.21.00
1/22/2015,Quarter4,sweing,Thursday,8,0.8,41.39.00,980,10770,30,0,0,0,56.5,9258335.32.00
1/22/2015,Quarter4,sweing,Thursday,9,0.5,29.12.00,970,10440,30,0,0,0,58,8342459.04.00
1/22/2015,Quarter4,finishing,Thursday,3,0.7,4.34,,12000,0,0,0,0,20,7676311.44.00
1/22/2015,Quarter4,finishing,Thursday,8,0.8,2.9,,4800,0,0,0,0,8,6629050.56.00
1/22/2015,Quarter4,finishing,Thursday,12,0.6,4.08,,5400,0,0,0,0,9,5456790.07.00
1/24/2015,Quarter4,finishing,Saturday,5,0.7,4.15,,2700,0,0,0,0,15,16111111.07.00
1/24/2015,Quarter4,finishing,Saturday,10,1.15,4.34,,1800,0,0,0,0,10,15620707.04.00
1/24/2015,Quarter4,finishing,Saturday,8,0.8,2.9,,1620,0,0,0,0,9,15175364.46.00
1/24/2015,Quarter4,sweing,Saturday,2,1.15,23.34,1606,10260,94,0,0,0,57,1501080.06.00
1/24/2015,Quarter4,sweing,Saturday,4,1.15,22.52,727,10260,94,0,0,0,57,15005351.46.00
1/24/2015,Quarter4,finishing,Saturday,11,1.15,4.15,,1800,0,0,0,0,10,14933712.07.00
1/24/2015,Quarter4,finishing,Saturday,3,1.15,4.34,,1440,0,0,0,0,8,14924242.25.00
1/24/2015,Quarter4,finishing,Saturday,7,1.05,4.34,,2160,0,0,0,0,12,14509680.08.00
1/24/2015,Quarter4,finishing,Saturday,12,0.7,4.08,,1620,0,0,0,0,9,14309764.19.00
1/24/2015,Quarter4,sweing,Saturday,1,0.7,23.34,1472,10260,75,0,0,0,57,13344063.26.00
1/24/2015,Quarter4,sweing,Saturday,10,1.15,22.52,1332,10080,69,0,0,0,56,1334383.07.00
1/24/2015,Quarter4,sweing,Saturday,6,0.8,12.01,1009,5640,63,0,0,0,32,13342285.43.00
1/24/2015,Quarter4,sweing,Saturday,3,1.15,22.52,1266,10260,69,0,0,0,57,1333919.54.00
1/24/2015,Quarter4,sweing,Saturday,12,1.15,15.26,1316,6120,40,0,0,0,34,12501322.03.00
1/24/2015,Quarter4,sweing,Saturday,11,1.15,43.37.00,1282,10260,56,0,0,0,57,12500686.41.00
1/24/2015,Quarter4,sweing,Saturday,5,0.7,20.4,1382,10440,50,0,0,0,58,11670846.24.00
1/24/2015,Quarter4,finishing,Saturday,4,1.15,4.3,,2160,0,0,0,0,12,10858585.52.00
1/24/2015,Quarter4,sweing,Saturday,7,1.05,22.52,1295,10170,26,0,0,0,56.5,10840278.54.00
1/24/2015,Quarter4,sweing,Saturday,9,0.6,29.12.00,925,6660,23,0,0,0,58,10002086.57.00
1/24/2015,Quarter4,finishing,Saturday,2,1.15,4.34,,1440,0,0,0,0,8,9638573.14.00
1/24/2015,Quarter4,finishing,Saturday,1,0.7,4.34,,1440,0,0,0,0,8,9638573.14.00
1/24/2015,Quarter4,sweing,Saturday,8,0.35,15.09,1448,9360,23,0,0,0,52,583315.51.00
1/24/2015,Quarter4,finishing,Saturday,9,0.6,4.34,,1440,0,0,0,0,8,4352904.02.00
1/25/2015,Quarter4,finishing,Sunday,5,0.7,4.15,,3060,0,0,0,0,17,16229946.31.00
1/25/2015,Quarter4,finishing,Sunday,2,1.15,4.34,,1440,0,0,0,0,8,16167929.18.00
1/25/2015,Quarter4,finishing,Sunday,1,0.7,4.34,,1440,0,0,0,0,8,16167929.18.00
1/25/2015,Quarter4,finishing,Sunday,3,1.15,4.34,,1620,0,0,0,0,9,16029741.52.00
1/25/2015,Quarter4,finishing,Sunday,10,1.15,4.34,,3420,0,0,0,0,19,15919191.55.00
1/25/2015,Quarter4,finishing,Sunday,4,1.15,4.3,,2160,0,0,0,0,12,15867003.22.00
1/25/2015,Quarter4,sweing,Sunday,4,1.15,22.52,867,10260,94,0,0,0,57,15005351.46.00
1/25/2015,Quarter4,sweing,Sunday,2,1.15,23.34,1636,10530,81,0,0,0,58.5,14170396.16.00
1/25/2015,Quarter4,sweing,Sunday,1,0.7,23.34,1682,10530,75,0,0,0,58.5,13348493.29.00
1/25/2015,Quarter4,sweing,Sunday,3,1.15,22.52,1495,10350,55,0,0,0,57.5,13341888.27.00
1/25/2015,Quarter4,sweing,Sunday,6,0.8,12.01,1181,5760,63,0,0,0,32,13339772.44.00
1/25/2015,Quarter4,sweing,Sunday,10,1.15,22.52,1413,10080,69,0,0,0,56,13333676.03.00
1/25/2015,Quarter4,finishing,Sunday,7,1.05,4.34,,2520,0,0,0,0,14,12486471.52.00
1/25/2015,Quarter4,sweing,Sunday,7,0.7,22.52,360,10170,40,0,0,0,56.5,116756.57.00
1/25/2015,Quarter4,sweing,Sunday,12,0.7,15.26,1296,6120,40,0,0,0,34,1167394.32.00
1/25/2015,Quarter4,sweing,Sunday,5,0.7,20.4,1217,10440,50,0,0,0,58,11670846.24.00
1/25/2015,Quarter4,sweing,Sunday,9,1.05,29.12.00,1086,10440,26,0,0,0,58,10840125.24.00
1/25/2015,Quarter4,finishing,Sunday,12,0.7,4.08,,1620,0,0,0,0,9,10303030.18.00
1/25/2015,Quarter4,sweing,Sunday,11,1.15,43.37.00,532,10260,40,0,0,0,57,985236.08.00
1/25/2015,Quarter4,sweing,Sunday,8,0.5,15.09,1557,720,23,0,0,0,52,8334365.16.00
1/25/2015,Quarter4,finishing,Sunday,8,0.8,2.9,,720,0,0,0,0,4,5492424.15.00
1/26/2015,Quarter4,finishing,Monday,3,1.15,4.34,,1800,0,0,0,0,10,993687.52.00
1/26/2015,Quarter4,finishing,Monday,10,1.15,4.34,,3780,0,0,0,0,21,16629870.08.00
1/26/2015,Quarter4,finishing,Monday,4,1.15,4.3,,2160,0,0,0,0,12,16061658.15.00
1/26/2015,Quarter4,finishing,Monday,5,0.7,4.15,,2700,0,0,0,0,15,15986531.59.00
1/26/2015,Quarter4,finishing,Monday,2,1.15,4.34,,1800,0,0,0,0,10,15172979.48.00
1/26/2015,Quarter4,finishing,Monday,1,0.7,4.34,,1800,0,0,0,0,10,15172979.48.00
1/26/2015,Quarter4,sweing,Monday,4,0.8,22.52,1016,10170,60,0,0,0,56.5,14171878.04.00
1/26/2015,Quarter4,sweing,Monday,6,0.8,12.01,1072,5760,50,0,0,0,32,13339772.44.00
1/26/2015,Quarter4,sweing,Monday,3,1.15,22.52,1584,10260,69,0,0,0,57,1333919.54.00
1/26/2015,Quarter4,sweing,Monday,2,1.15,23.34,1764,10260,55,0,0,0,57,13333900.24.00
1/26/2015,Quarter4,sweing,Monday,1,0.7,23.34,1745,10440,60,0,0,0,58,13333725.11.00
1/26/2015,Quarter4,sweing,Monday,10,1.15,22.52,1250,10080,55,0,0,0,56,13333676.03.00
1/26/2015,Quarter4,finishing,Monday,12,0.7,4.08,,1620,0,0,0,0,9,12821548.49.00
1/26/2015,Quarter4,sweing,Monday,5,1.15,20.4,1118,10320,56,0,0,0,58,12500524.07.00
1/26/2015,Quarter4,sweing,Monday,9,0.7,29.12.00,1143,10440,40,0,0,0,58,1167690.42.00
1/26/2015,Quarter4,sweing,Monday,12,0.7,15.26,1337,6120,40,0,0,0,34,1167394.32.00
1/26/2015,Quarter4,finishing,Monday,7,1.05,4.34,,1440,0,0,0,0,8,10771780.18.00
1/26/2015,Quarter4,sweing,Monday,8,0.6,15.09,1519,360,23,0,0,0,52,10002389.25.00
1/26/2015,Quarter4,sweing,Monday,11,0.35,28.08.00,749,10260,23,0,0,0,57,5834449.46.00
1/27/2015,Quarter4,sweing,Tuesday,2,1.15,22.52,1635,6840,119,0,0,0,57,3841.09.00
1/27/2015,Quarter4,sweing,Tuesday,3,1.15,22.52,1299,6840,119,0,0,0,57,3841.09.00
1/27/2015,Quarter4,finishing,Tuesday,10,0.8,4.34,,1440,0,0,0,0,12,16325462.58.00
1/27/2015,Quarter4,finishing,Tuesday,4,0.8,4.3,,1440,0,0,0,0,12,15677.05.00
1/27/2015,Quarter4,finishing,Tuesday,5,0.5,4.15,,1440,0,0,0,0,12,15439814.49.00
1/27/2015,Quarter4,sweing,Tuesday,10,0.8,22.52,1134,6720,70,0,0,0,56,15002162.42.00
1/27/2015,Quarter4,finishing,Tuesday,3,1.15,4.34,,1440,0,0,0,0,12,14364.35.00
1/27/2015,Quarter4,sweing,Tuesday,4,0.8,22.52,1106,6780,60,0,0,0,56.5,14171878.04.00
1/27/2015,Quarter4,finishing,Tuesday,8,1.05,4.34,,960,0,0,0,0,8,14090972.13.00
1/27/2015,Quarter4,finishing,Tuesday,12,0.7,4.15,,1080,0,0,0,0,9,13725925.56.00
1/27/2015,Quarter4,finishing,Tuesday,7,0.5,4.15,,960,0,0,0,0,8,13392361.07.00
1/27/2015,Quarter4,sweing,Tuesday,1,1.15,23.34,1871,6960,55,0,0,0,58,13337720.18.00
1/27/2015,Quarter4,finishing,Tuesday,2,1.15,4.34,,1200,0,0,0,0,10,13.08
1/27/2015,Quarter4,finishing,Tuesday,1,1.15,4.34,,1200,0,0,0,0,10,1296.55.00
1/27/2015,Quarter4,sweing,Tuesday,9,0.7,29.12.00,1294,6960,50,0,0,0,58,11673103.27.00
1/27/2015,Quarter4,sweing,Tuesday,12,0.7,15.26,1462,4080,40,0,0,0,34,11669411.46.00
1/27/2015,Quarter4,sweing,Tuesday,8,1.05,15.09,976,240,23,0,0,0,52,10838452.23.00
1/27/2015,Quarter4,sweing,Tuesday,6,0.8,30.4,338,3840,34,0,0,0,32,10380468.45.00
1/27/2015,Quarter4,finishing,Tuesday,6,0.8,2.9,,960,0,0,0,0,8,103.45.00
1/27/2015,Quarter4,sweing,Tuesday,5,0.5,21.19,1455,6960,30,0,0,0,58,8333922.25.00
1/27/2015,Quarter4,sweing,Tuesday,11,0.5,48.18.00,1282,6480,23,0,0,0,54,617444.17.00
1/28/2015,Quarter4,sweing,Wednesday,2,0.8,22.52,1559,6840,90,0,0,0,57,3841.09.00
1/28/2015,Quarter4,sweing,Wednesday,3,0.8,22.52,1350,6840,113,0,0,0,57,3841.09.00
1/28/2015,Quarter4,finishing,Wednesday,6,0.35,2.9,,1800,0,0,0,0,15,16292592.36.00
1/28/2015,Quarter4,finishing,Wednesday,1,1.15,4.34,,1200,0,0,0,0,10,157.36.00
1/28/2015,Quarter4,finishing,Wednesday,2,0.8,4.34,,1800,0,0,0,0,15,15037037.02.00
1/28/2015,Quarter4,sweing,Wednesday,10,0.8,22.52,1175,6720,60,0,0,0,56,14175535.43.00
1/28/2015,Quarter4,sweing,Wednesday,1,1.15,23.34,1868,6960,81,0,0,0,58,14172701.09.00
1/28/2015,Quarter4,finishing,Wednesday,10,0.8,4.34,,1200,0,0,0,0,10,14008888.53.00
1/28/2015,Quarter4,sweing,Wednesday,5,0.6,21.19,1045,6960,88,0,0,0,58,13342241.23.00
1/28/2015,Quarter4,sweing,Wednesday,4,0.8,22.52,1342,6780,50,0,0,0,56.5,13341494.36.00
1/28/2015,Quarter4,finishing,Wednesday,12,1.15,4.08,,1080,0,0,0,0,9,12592592.36.00
1/28/2015,Quarter4,sweing,Wednesday,9,0.7,29.12.00,1340,6960,63,0,0,0,58,12509885.03.00
1/28/2015,Quarter4,sweing,Wednesday,12,1.15,15.26,1429,3600,45,0,0,0,35,12504722.13.00
1/28/2015,Quarter4,finishing,Wednesday,4,0.8,4.3,,1440,0,0,0,0,12,12043981.29.00
1/28/2015,Quarter4,finishing,Wednesday,8,1.05,4.15,,960,0,0,0,0,8,9222222.13.00
1/28/2015,Quarter4,sweing,Wednesday,11,0.5,20.1,1413,5880,46,0,0,0,54,8342788.28.00
1/28/2015,Quarter4,sweing,Wednesday,8,0.7,38.09.00,336,6240,0,0,0,0,52,7794887.49.00
1/28/2015,Quarter4,sweing,Wednesday,6,0.35,19.19,511,1800,23,0,0,0,32,7299922.18.00
1/28/2015,Quarter4,finishing,Wednesday,7,0.6,4.34,,960,0,0,0,0,8,6772569.27.00
1/28/2015,Quarter4,sweing,Wednesday,7,0.6,23.54,958,6600,0,0,0,0,55,4755555.33.00
1/28/2015,Quarter4,finishing,Wednesday,11,0.5,2.9,,960,0,0,0,0,8,4322.55.00
1/29/2015,Quarter5,sweing,Thursday,2,0.8,22.52,1416,6840,113,0,0,0,57,3841.09.00
1/29/2015,Quarter5,finishing,Thursday,4,0.8,4.3,,1200,0,0,0,0,10,16.29
1/29/2015,Quarter5,sweing,Thursday,3,0.8,22.52,1287,6840,100,0,0,0,57,15836432.45.00
1/29/2015,Quarter5,sweing,Thursday,4,0.8,22.52,1444,6900,88,0,0,0,57.5,150.08.00
1/29/2015,Quarter5,sweing,Thursday,10,0.8,22.52,1088,6720,88,0,0,0,56,15002162.42.00
1/29/2015,Quarter5,finishing,Thursday,6,0.5,2.9,,1200,0,0,0,0,10,14.59
1/29/2015,Quarter5,finishing,Thursday,8,1.05,4.15,,960,0,0,0,0,8,14625868.03.00
1/29/2015,Quarter5,finishing,Thursday,11,0.6,2.9,,960,0,0,0,0,8,14409722.13.00
1/29/2015,Quarter5,finishing,Thursday,10,0.8,4.34,,1200,0,0,0,0,10,1428.15.00
1/29/2015,Quarter5,finishing,Thursday,1,1.15,4.34,,1200,0,0,0,0,10,14227777.47.00
1/29/2015,Quarter5,sweing,Thursday,1,1.15,23.34,1579,6960,81,0,0,0,58,14172701.09.00
1/29/2015,Quarter5,sweing,Thursday,9,0.7,29.12.00,1170,6960,53,0,0,0,58,14169501.55.00
1/29/2015,Quarter5,sweing,Thursday,5,1.05,21.19,1015,7080,81,0,0,0,59,13341228.49.00
1/29/2015,Quarter5,finishing,Thursday,2,0.8,4.34,,1200,0,0,0,0,10,12888888.53.00
1/29/2015,Quarter5,sweing,Thursday,12,1.15,15.26,1436,4200,45,0,0,0,35,12510777.47.00
1/29/2015,Quarter5,finishing,Thursday,12,1.15,4.08,,1080,0,0,0,0,9,10577777.47.00
1/29/2015,Quarter5,sweing,Thursday,11,0.6,20.1,1601,4320,46,0,0,0,51,1000996.01.00
1/29/2015,Quarter5,sweing,Thursday,6,0.5,19.19,717,3960,23,0,0,0,33,8335294.37.00
1/29/2015,Quarter5,finishing,Thursday,3,0.8,4.34,,960,0,0,0,0,8,82.05.00
1/29/2015,Quarter5,sweing,Thursday,7,1.05,23.54,830,6600,0,0,0,0,55,813.12.00
1/31/2015,Quarter5,sweing,Saturday,3,0.8,22.52,1136,6960,113,0,0,0,58,7625.31.00
1/31/2015,Quarter5,sweing,Saturday,2,0.8,22.52,1397,6840,113,0,0,0,57,3841.09.00
1/31/2015,Quarter5,finishing,Saturday,2,0.8,4.34,,1200,0,0,0,0,10,16197777.47.00
1/31/2015,Quarter5,finishing,Saturday,3,0.8,4.34,,960,0,0,0,0,8,16197777.47.00
1/31/2015,Quarter5,finishing,Saturday,4,0.8,4.34,,1200,0,0,0,0,10,16197777.47.00
1/31/2015,Quarter5,finishing,Saturday,10,0.8,4.34,,1200,0,0,0,0,10,16197777.47.00
1/31/2015,Quarter5,finishing,Saturday,1,1.15,4.34,,1800,0,0,0,0,15,16197777.47.00
1/31/2015,Quarter5,finishing,Saturday,9,1.15,4.34,,240,0,0,0,0,2,16197777.47.00
1/31/2015,Quarter5,finishing,Saturday,12,1.15,4.08,,1080,0,0,0,0,9,16197777.47.00
1/31/2015,Quarter5,finishing,Saturday,5,0.7,4.34,,240,0,0,0,0,2,16197777.47.00
1/31/2015,Quarter5,finishing,Saturday,7,0.7,4.34,,1200,0,0,0,0,10,16197777.47.00
1/31/2015,Quarter5,finishing,Saturday,8,1.05,4.34,,960,0,0,0,0,8,16197777.47.00
1/31/2015,Quarter5,finishing,Saturday,11,1.05,4.34,,600,0,0,0,0,5,16197777.47.00
1/31/2015,Quarter5,finishing,Saturday,6,0.6,4.34,,1200,0,0,0,0,10,16197777.47.00
1/31/2015,Quarter5,sweing,Saturday,10,0.8,22.52,1116,6720,93,0,0,0,56,15337281.45.00
1/31/2015,Quarter5,sweing,Saturday,4,0.8,22.52,1432,6660,88,0,0,0,57.5,15008951.09.00
1/31/2015,Quarter5,sweing,Saturday,9,1.15,29.12.00,1082,6840,81,0,0,0,57,14176842.06.00
1/31/2015,Quarter5,sweing,Saturday,1,1.15,23.34,1502,6960,81,0,0,0,58,14172701.09.00
1/31/2015,Quarter5,sweing,Saturday,12,1.15,15.26,1209,4200,45,0,0,0,35,12510777.47.00
1/31/2015,Quarter5,sweing,Saturday,5,0.7,51.29.00,282,5880,56,0,0,0,59,10946062.23.00
1/31/2015,Quarter5,sweing,Saturday,11,1.05,20.1,1417,6480,49,0,0,0,54,10835802.28.00
1/31/2015,Quarter5,sweing,Saturday,6,0.6,19.19,799,3960,23,0,0,0,33,10011843.26.00
1/31/2015,Quarter5,sweing,Saturday,7,0.7,23.54,1109,6720,0,0,0,0,56,6480505.57.00
1/31/2015,Quarter5,sweing,Saturday,8,0.5,23.54,1144,6480,0,0,0,0,54,4783076.08.00
2/1/2015,Quarter1,finishing,Sunday,8,1.05,4.15,,960,0,0,0,0,8,1928.05.00
2/1/2015,Quarter1,sweing,Sunday,2,0.8,22.52,1396,6900,113,0,0,0,57.5,11189.24.00
2/1/2015,Quarter1,sweing,Sunday,1,0.8,23.34,1582,3060,113,0,0,0,58.5,6701.55.00
2/1/2015,Quarter1,finishing,Sunday,1,1.15,4.34,,2280,0,0,0,0,19,15840643.16.00
2/1/2015,Quarter1,sweing,Sunday,3,0.8,22.52,1124,6840,100,0,0,0,57,15836432.45.00
2/1/2015,Quarter1,finishing,Sunday,2,0.8,4.34,,1200,0,0,0,0,10,15212777.47.00
2/1/2015,Quarter1,finishing,Sunday,7,0.7,4.34,,2160,0,0,0,0,18,14869907.24.00
2/1/2015,Quarter1,finishing,Sunday,10,0.8,4.34,,1200,0,0,0,0,10,147.45.00
2/1/2015,Quarter1,sweing,Sunday,10,0.8,22.52,1282,6720,75,0,0,0,56,14175535.43.00
2/1/2015,Quarter1,sweing,Sunday,4,0.8,22.52,1472,7020,60,0,0,0,58.5,1416856.36.00
2/1/2015,Quarter1,finishing,Sunday,4,0.8,4.3,,1440,0,0,0,0,12,14084490.44.00
2/1/2015,Quarter1,sweing,Sunday,9,1.15,29.12.00,1282,6960,45,0,0,0,58,12509885.03.00
2/1/2015,Quarter1,sweing,Sunday,12,1.15,15.26,1276,1440,45,0,0,0,35,12507510.58.00
2/1/2015,Quarter1,finishing,Sunday,12,1.15,4.08,,1080,0,0,0,0,9,11711111.07.00
2/1/2015,Quarter1,sweing,Sunday,11,0.7,20.1,1192,6120,75,0,0,0,54,11675148.49.00
2/1/2015,Quarter1,sweing,Sunday,6,1.05,19.19,881,3960,26,0,0,0,33,10850117.51.00
2/1/2015,Quarter1,sweing,Sunday,8,0.6,24.26.00,1196,6600,0,0,0,0,55,7780353.32.00
2/1/2015,Quarter1,sweing,Sunday,7,0.7,24.26.00,1400,6720,0,0,0,0,56,6859226.11.00
2/1/2015,Quarter1,finishing,Sunday,6,0.6,2.9,,1200,0,0,0,0,10,5236111.07.00
2/2/2015,Quarter1,sweing,Monday,1,0.8,23.34,16882,7020,113,0,0,0,58.5,10038.59.00
2/2/2015,Quarter1,finishing,Monday,9,1.15,4.34,,960,0,0,0,0,8,16571180.33.00
2/2/2015,Quarter1,sweing,Monday,2,0.8,22.52,21385,7020,88,0,0,0,58.5,15002640.05.00
2/2/2015,Quarter1,sweing,Monday,3,0.8,22.52,21266,6840,70,0,0,0,57,1500235.52.00
2/2/2015,Quarter1,sweing,Monday,10,0.8,22.52,21540,6720,88,0,0,0,56,15002162.42.00
2/2/2015,Quarter1,finishing,Monday,10,0.8,4.34,,1200,0,0,0,0,10,1428.15.00
2/2/2015,Quarter1,finishing,Monday,4,0.8,4.3,,1440,0,0,0,0,12,13487268.31.00
2/2/2015,Quarter1,sweing,Monday,12,0.8,15.26,12261,3600,63,0,0,0,35,13340032.41.00
2/2/2015,Quarter1,sweing,Monday,4,0.8,22.52,23122,5940,50,0,0,0,56.5,13339887.04.00
2/2/2015,Quarter1,sweing,Monday,9,1.15,29.12.00,8992,6960,55,0,0,0,58,13332720.18.00
2/2/2015,Quarter1,finishing,Monday,12,1.15,4.08,,1080,0,0,0,0,9,12340740.44.00
2/2/2015,Quarter1,sweing,Monday,11,0.7,20.55,9792,6480,60,0,0,0,54,11673302.28.00
2/2/2015,Quarter1,sweing,Monday,6,0.7,19.19,2984,3960,30,0,0,0,33,11672575.45.00
2/2/2015,Quarter1,finishing,Monday,8,1.05,4.15,,960,0,0,0,0,8,9366319.27.00
2/2/2015,Quarter1,finishing,Monday,1,1.15,4.34,,2280,0,0,0,0,19,8409941.31.00
2/2/2015,Quarter1,sweing,Monday,5,0.5,30.1,839,6960,0,0,0,0,58,8346695.24.00
2/2/2015,Quarter1,sweing,Monday,7,0.7,24.26.00,2698,6720,0,0,0,0,56,4921795.38.00
2/2/2015,Quarter1,finishing,Monday,6,0.6,2.9,,1200,0,0,0,0,10,4672222.13.00
2/2/2015,Quarter1,sweing,Monday,8,1.05,24.26.00,1435,6600,0,0,0,0,55,4349646.28.00
2/3/2015,Quarter1,finishing,Tuesday,2,0.8,4.34,,2400,0,0,0,0,20,23612.07.00
2/3/2015,Quarter1,sweing,Tuesday,1,0.8,22.52,1500,6900,113,0,0,0,57.5,310.11.00
2/3/2015,Quarter1,sweing,Tuesday,10,0.8,22.52,1188,6720,90,0,0,0,56,16666587.18.00
2/3/2015,Quarter1,finishing,Tuesday,1,0.8,4.34,,1200,0,0,0,0,10,1658.05.00
2/3/2015,Quarter1,finishing,Tuesday,8,0.7,4.15,,960,0,0,0,0,8,16282986.07.00
2/3/2015,Quarter1,sweing,Tuesday,3,0.8,22.52,1112,6840,100,0,0,0,57,15836432.45.00
2/3/2015,Quarter1,sweing,Tuesday,2,0.8,22.52,1452,6960,100,0,0,0,58,15833026.49.00
2/3/2015,Quarter1,finishing,Tuesday,9,1.15,4.34,,1320,0,0,0,0,11,15332575.45.00
2/3/2015,Quarter1,sweing,Tuesday,4,0.8,22.52,340,5460,63,0,0,0,56.5,13340577.02.00
2/3/2015,Quarter1,sweing,Tuesday,12,0.8,15.26,1029,2040,50,0,0,0,35,13337650.23.00
2/3/2015,Quarter1,finishing,Tuesday,12,0.8,4.08,,1080,0,0,0,0,9,12970370.22.00
2/3/2015,Quarter1,sweing,Tuesday,9,1.15,29.12.00,1070,6960,34,0,0,0,58,12509885.03.00
2/3/2015,Quarter1,sweing,Tuesday,11,0.7,25.31.00,946,5760,60,0,0,0,54,11675226.06.00
2/3/2015,Quarter1,sweing,Tuesday,6,0.7,19.19,913,4020,30,0,0,0,33.5,11669742.57.00
2/3/2015,Quarter1,sweing,Tuesday,8,0.7,24.26.00,1363,6660,0,0,0,0,55.5,9774424.25.00
2/3/2015,Quarter1,sweing,Tuesday,7,0.7,24.26.00,1639,6720,0,0,0,0,56,9025297.37.00
2/3/2015,Quarter1,finishing,Tuesday,4,0.8,4.3,,1440,0,0,0,0,12,89.35.00
2/3/2015,Quarter1,finishing,Tuesday,6,0.7,2.9,,960,0,0,0,0,8,8256944.27.00
2/3/2015,Quarter1,sweing,Tuesday,5,0.6,30.1,415,6960,0,0,0,0,58,6919540.14.00
2/4/2015,Quarter1,sweing,Wednesday,2,0.8,22.52,1263,6900,100,0,0,0,57.5,83801.58.00
2/4/2015,Quarter1,sweing,Wednesday,3,0.8,22.52,968,6840,113,0,0,0,57,3841.09.00
2/4/2015,Quarter1,sweing,Wednesday,10,0.8,22.52,1108,6720,113,0,0,0,56,16666587.18.00
2/4/2015,Quarter1,finishing,Wednesday,2,0.8,4.34,,2160,0,0,0,0,18,16112654.19.00
2/4/2015,Quarter1,finishing,Wednesday,1,0.8,4.34,,1200,0,0,0,0,10,15486388.53.00
2/4/2015,Quarter1,finishing,Wednesday,8,0.7,4.15,,3000,0,0,0,0,25,15262777.47.00
2/4/2015,Quarter1,sweing,Wednesday,1,0.8,22.52,1532,6900,88,0,0,0,57.5,15002454.06.00
2/4/2015,Quarter1,sweing,Wednesday,12,0.8,15.26,1094,4080,38,0,0,0,34,13340032.41.00
2/4/2015,Quarter1,sweing,Wednesday,9,0.8,22.52,1086,6960,50,0,0,0,58,13332720.18.00
2/4/2015,Quarter1,finishing,Wednesday,7,0.7,4.34,,960,0,0,0,0,8,12996527.47.00
2/4/2015,Quarter1,finishing,Wednesday,9,1.15,4.34,,960,0,0,0,0,8,12586111.07.00
2/4/2015,Quarter1,sweing,Wednesday,6,0.7,19.19,941,3360,30,0,0,0,33,11678506.57.00
2/4/2015,Quarter1,sweing,Wednesday,7,0.7,24.26.00,1471,6960,0,0,0,0,58,11676867.49.00
2/4/2015,Quarter1,sweing,Wednesday,11,0.7,10.05,1042,6120,60,0,0,0,53,11671314.06.00
2/4/2015,Quarter1,sweing,Wednesday,8,0.7,29.12.00,1248,6840,0,0,0,0,57,11668918.08.00
2/4/2015,Quarter1,finishing,Wednesday,12,0.8,4.08,,1080,0,0,0,0,9,11459259.16.00
2/4/2015,Quarter1,sweing,Wednesday,5,1.05,30.1,326,5820,0,90,10,0,58.5,10847246.48.00
2/4/2015,Quarter1,finishing,Wednesday,6,0.7,2.9,,960,0,0,0,0,8,8861111.07.00
2/4/2015,Quarter1,sweing,Wednesday,4,0.35,30.1,287,6060,23,150,15,0,55.5,5845107.02.00
2/5/2015,Quarter1,sweing,Thursday,2,0.8,22.52,1300,6780,113,0,0,0,56.5,7434.38.00
2/5/2015,Quarter1,sweing,Thursday,1,0.8,22.52,1485,6900,113,0,0,0,57.5,310.11.00
2/5/2015,Quarter1,sweing,Thursday,10,0.8,22.52,1039,6720,113,0,0,0,56,16666587.18.00
2/5/2015,Quarter1,finishing,Thursday,2,0.8,4.34,,2640,0,0,0,0,22,16665404.02.00
2/5/2015,Quarter1,sweing,Thursday,3,0.8,22.52,1063,6840,100,0,0,0,57,15836432.45.00
2/5/2015,Quarter1,finishing,Thursday,6,0.7,2.9,,960,0,0,0,0,8,157.05.00
2/5/2015,Quarter1,finishing,Thursday,12,0.8,4.08,,1080,0,0,0,0,9,15111111.07.00
2/5/2015,Quarter1,finishing,Thursday,7,0.7,4.34,,1200,0,0,0,0,10,141.11.00
2/5/2015,Quarter1,finishing,Thursday,1,0.8,4.34,,1440,0,0,0,0,12,14090972.13.00
2/5/2015,Quarter1,sweing,Thursday,12,0.8,15.26,1083,720,38,0,0,0,34,13343544.36.00
2/5/2015,Quarter1,sweing,Thursday,9,0.8,29.12.00,1069,6960,50,0,0,0,58,13332720.18.00
2/5/2015,Quarter1,finishing,Thursday,10,0.8,4.34,,960,0,0,0,0,8,12859722.13.00
2/5/2015,Quarter1,sweing,Thursday,11,1.15,10.05,668,2520,34,0,0,0,26,125.04.00
2/5/2015,Quarter1,sweing,Thursday,6,0.7,19.19,766,2760,30,0,0,0,33,11667983.52.00
2/5/2015,Quarter1,sweing,Thursday,5,0.7,30.1,557,6960,0,0,0,0,58,9370210.44.00
2/5/2015,Quarter1,sweing,Thursday,7,0.07,24.26.00,1608,6960,0,0,0,0,58,8714080.28.00
2/5/2015,Quarter1,sweing,Thursday,4,0.5,30.1,417,6360,23,0,0,1,53,8345335.26.00
2/5/2015,Quarter1,sweing,Thursday,8,0.7,24.26.00,1167,6840,0,0,0,0,57,8275828.28.00
2/7/2015,Quarter1,finishing,Saturday,2,0.8,4.34,,3000,0,0,0,0,25,844445.27.00
2/7/2015,Quarter1,sweing,Saturday,2,0.8,22.52,1186,6900,113,0,0,0,58,310.11.00
2/7/2015,Quarter1,sweing,Saturday,3,0.8,22.52,1060,6840,100,0,0,0,57,15836432.45.00
2/7/2015,Quarter1,sweing,Saturday,1,0.8,22.52,1534,6780,88,0,0,0,57,15002261.33.00
2/7/2015,Quarter1,sweing,Saturday,10,0.8,22.52,1142,6720,88,0,0,0,56,15002162.42.00
2/7/2015,Quarter1,finishing,Saturday,12,0.8,4.08,,1080,0,0,0,0,9,14985185.11.00
2/7/2015,Quarter1,finishing,Saturday,1,0.8,4.34,,1200,0,0,0,0,10,14501388.53.00
2/7/2015,Quarter1,finishing,Saturday,6,1.15,2.9,,960,0,0,0,0,8,14097222.13.00
2/7/2015,Quarter1,sweing,Saturday,12,0.8,15.26,1021,4080,63,0,0,0,34,13340032.41.00
2/7/2015,Quarter1,sweing,Saturday,9,0.8,29.12.00,829,6960,50,0,0,0,58,13332720.18.00
2/7/2015,Quarter1,finishing,Saturday,9,0.8,4.34,,960,0,0,0,0,8,12859722.13.00
2/7/2015,Quarter1,sweing,Saturday,6,1.15,19.19,813,1560,34,0,0,0,33,12508668.35.00
2/7/2015,Quarter1,sweing,Saturday,11,1.15,10.05,677,3240,45,0,0,0,27,12500462.58.00
2/7/2015,Quarter1,finishing,Saturday,7,0.7,4.34,,1200,0,0,0,0,10,11929444.27.00
2/7/2015,Quarter1,sweing,Saturday,7,0.7,24.26.00,658,6960,0,270,45,0,58,11037835.15.00
2/7/2015,Quarter1,sweing,Saturday,4,0.6,30.1,486,6780,30,0,0,1,57,10003736.29.00
2/7/2015,Quarter1,sweing,Saturday,5,0.7,30.1,687,7500,0,0,0,0,59,9094294.33.00
2/7/2015,Quarter1,finishing,Saturday,4,0.8,4.3,,960,0,0,0,0,8,7465277.47.00
2/7/2015,Quarter1,sweing,Saturday,8,0.7,24.26.00,652,6840,0,300,37,0,57,6088645.13.00
2/8/2015,Quarter2,sweing,Sunday,2,0.8,22.52,1233,6900,113,0,0,0,57.5,310.11.00
2/8/2015,Quarter2,finishing,Sunday,7,0.7,4.15,,1440,0,0,0,0,12,15478009.16.00
2/8/2015,Quarter2,sweing,Sunday,10,0.8,22.52,1388,6720,88,0,0,0,56,150.08.00
2/8/2015,Quarter2,sweing,Sunday,1,0.8,22.52,1615,6780,88,0,0,0,56.5,15002261.33.00
2/8/2015,Quarter2,sweing,Sunday,3,0.8,22.52,1283,6720,88,0,0,0,56,15002162.42.00
2/8/2015,Quarter2,finishing,Sunday,1,0.8,4.34,,1200,0,0,0,0,10,14884444.27.00
2/8/2015,Quarter2,finishing,Sunday,12,0.8,4.08,,1080,0,0,0,0,9,14859259.16.00
2/8/2015,Quarter2,finishing,Sunday,2,0.8,4.34,,2160,0,0,0,0,18,14592592.36.00
2/8/2015,Quarter2,finishing,Sunday,8,0.7,4.15,,1800,0,0,0,0,15,14014814.49.00
2/8/2015,Quarter2,sweing,Sunday,12,0.8,15.26,1026,2880,63,0,0,0,34,13339253.28.00
2/8/2015,Quarter2,sweing,Sunday,9,0.8,29.12.00,909,6960,50,0,0,0,58,13332720.18.00
2/8/2015,Quarter2,sweing,Sunday,6,1.15,19.19,670,3960,34,0,0,0,33,1251085.01.00
2/8/2015,Quarter2,sweing,Sunday,11,1.15,10.05,629,3240,45,0,0,0,27,12500462.58.00
2/8/2015,Quarter2,sweing,Sunday,5,0.7,30.1,754,7020,0,0,0,0,58.5,11676970.34.00
2/8/2015,Quarter2,finishing,Sunday,6,1.15,2.9,,960,0,0,0,0,8,10170138.53.00
2/8/2015,Quarter2,finishing,Sunday,9,0.8,4.34,,960,0,0,0,0,8,10123611.07.00
2/8/2015,Quarter2,sweing,Sunday,4,1.05,30.1,712,6780,44,0,0,1,56.5,9470993.07.00
2/8/2015,Quarter2,sweing,Sunday,7,0.7,24.26.00,148,6960,0,0,0,0,58,5925574.43.00
2/8/2015,Quarter2,sweing,Sunday,8,0.7,24.26.00,154,6840,0,0,0,0,57,5887660.49.00
2/9/2015,Quarter2,finishing,Monday,2,0.8,4.34,,2160,0,0,0,0,18,966050.23.00
2/9/2015,Quarter2,finishing,Monday,1,0.8,4.34,,1200,0,0,0,0,10,16033611.07.00
2/9/2015,Quarter2,sweing,Monday,10,0.8,22.52,1127,120,88,0,0,0,56,150.08.00
2/9/2015,Quarter2,sweing,Monday,1,0.8,22.52,1506,3600,70,0,0,0,57,15008484.04.00
2/9/2015,Quarter2,sweing,Monday,2,0.8,22.52,1413,360,70,0,0,0,57,15007963.45.00
2/9/2015,Quarter2,finishing,Monday,6,1.15,2.9,,960,0,0,0,0,8,14802.05.00
2/9/2015,Quarter2,sweing,Monday,12,0.8,15.26,970,4080,63,0,0,0,34,13340032.41.00
2/9/2015,Quarter2,sweing,Monday,3,0.8,22.52,1271,5400,50,0,0,0,57,13336019.32.00
2/9/2015,Quarter2,sweing,Monday,9,0.8,29.12.00,1073,6960,50,0,0,0,58,13332720.18.00
2/9/2015,Quarter2,sweing,Monday,4,0.7,30.1,767,3300,50,0,0,1,57,13166720.36.00
2/9/2015,Quarter2,sweing,Monday,11,1.15,10.05,103,0,45,0,0,0,54,12510802.28.00
2/9/2015,Quarter2,finishing,Monday,8,0.35,4.15,,1800,0,0,0,0,15,11785185.11.00
2/9/2015,Quarter2,sweing,Monday,5,0.7,30.1,773,7020,40,0,0,0,58,11676970.34.00
2/9/2015,Quarter2,finishing,Monday,9,0.8,4.34,,960,0,0,0,0,8,11628472.13.00
2/9/2015,Quarter2,sweing,Monday,6,1.15,19.19,708,4080,0,0,0,0,34,10208619.17.00
2/9/2015,Quarter2,sweing,Monday,7,0.35,30.1,842,6960,0,0,0,1,58,5838362.04.00
2/9/2015,Quarter2,sweing,Monday,8,0.35,30.1,901,6960,0,0,0,1,58,5838362.04.00
2/9/2015,Quarter2,finishing,Monday,12,0.8,4.08,,1080,0,0,0,0,9,4.32
2/10/2015,Quarter2,finishing,Tuesday,12,0.8,4.08,,1080,0,0,0,0,9,81482.29.00
2/10/2015,Quarter2,finishing,Tuesday,2,0.8,4.34,,2160,0,0,0,0,18,16112654.19.00
2/10/2015,Quarter2,sweing,Tuesday,10,0.8,22.52,1268,0,88,0,0,0,56,1501054.04.00
2/10/2015,Quarter2,sweing,Tuesday,1,0.8,22.52,1546,0,88,0,0,0,57,1500784.36.00
2/10/2015,Quarter2,sweing,Tuesday,3,0.8,22.52,813,0,88,0,0,0,57,1500784.36.00
2/10/2015,Quarter2,sweing,Tuesday,2,0.8,22.52,1512,0,88,0,0,0,57,14999734.18.00
2/10/2015,Quarter2,finishing,Tuesday,1,0.8,4.34,,1440,0,0,0,0,12,14227777.47.00
2/10/2015,Quarter2,sweing,Tuesday,9,0.8,29.12.00,1263,2160,38,0,0,0,58,133.28.00
2/10/2015,Quarter2,sweing,Tuesday,12,0.8,15.26,900,4080,50,0,0,0,34,13340032.41.00
2/10/2015,Quarter2,finishing,Tuesday,4,0.7,4.15,,1800,0,0,0,0,15,13279259.16.00
2/10/2015,Quarter2,sweing,Tuesday,6,1.15,19.19,640,2400,0,0,0,0,34,12513283.29.00
2/10/2015,Quarter2,sweing,Tuesday,11,0.8,10.05,13,3240,34,0,0,0,54,12510802.28.00
2/10/2015,Quarter2,sweing,Tuesday,5,1.15,30.1,855,7020,45,0,0,0,58,12505935.25.00
2/10/2015,Quarter2,finishing,Tuesday,8,0.35,4.15,,960,0,0,0,0,8,11729513.53.00
2/10/2015,Quarter2,sweing,Tuesday,4,0.7,30.1,855,7020,40,0,0,1,58,11676970.34.00
2/10/2015,Quarter2,finishing,Tuesday,9,0.8,4.34,,960,0,0,0,0,8,114.55.00
2/10/2015,Quarter2,finishing,Tuesday,6,1.15,2.9,,960,0,0,0,0,8,10472222.13.00
2/10/2015,Quarter2,sweing,Tuesday,7,0.5,30.1,1025,6960,23,0,0,1,58,8346695.24.00
2/10/2015,Quarter2,sweing,Tuesday,8,0.5,30.1,1061,6960,30,0,0,1,58,6559147.31.00
2/11/2015,Quarter2,finishing,Wednesday,4,0.7,4.15,,1800,0,0,0,0,15,552593.36.00
2/11/2015,Quarter2,finishing,Wednesday,12,0.8,4.08,,1080,0,0,0,0,9,1.02
2/11/2015,Quarter2,sweing,Wednesday,2,0.8,22.52,1557,0,90,0,0,0,57.5,5749.48.00
2/11/2015,Quarter2,sweing,Wednesday,1,0.8,22.52,1498,0,113,0,0,0,57,1097.29.00
2/11/2015,Quarter2,finishing,Wednesday,8,0.35,4.15,,1440,0,0,0,0,12,16572.55.00
2/11/2015,Quarter2,finishing,Wednesday,2,0.8,4.34,,2160,0,0,0,0,18,15200617.17.00
2/11/2015,Quarter2,finishing,Wednesday,5,0.7,4.15,,240,0,0,0,0,2,1.27
2/11/2015,Quarter2,sweing,Wednesday,10,0.8,22.52,598,0,75,0,0,0,56,14172743.03.00
2/11/2015,Quarter2,sweing,Wednesday,6,0.8,19.19,656,3480,38,0,0,0,34,13349124.35.00
2/11/2015,Quarter2,sweing,Wednesday,12,0.8,15.26,854,4080,50,0,0,0,34,13340032.41.00
2/11/2015,Quarter2,sweing,Wednesday,9,0.8,29.12.00,609,3240,50,0,0,0,58,13335735.44.00
2/11/2015,Quarter2,sweing,Wednesday,5,1.15,30.1,788,7380,56,0,0,0,59.5,12506770.33.00
2/11/2015,Quarter2,sweing,Wednesday,8,0.6,30.1,1069,4560,30,0,0,1,58,11906841.34.00
2/11/2015,Quarter2,sweing,Wednesday,4,0.7,30.1,667,5940,40,0,0,1,59.5,11676473.26.00
2/11/2015,Quarter2,finishing,Wednesday,1,0.8,4.34,,1440,0,0,0,0,12,10306018.31.00
2/11/2015,Quarter2,sweing,Wednesday,7,0.6,30.1,829,3360,23,0,0,1,58,10001175.13.00
2/11/2015,Quarter2,finishing,Wednesday,9,0.8,4.34,,960,0,0,0,0,8,902.55.00
2/11/2015,Quarter2,sweing,Wednesday,3,0.8,22.52,11,6840,0,0,0,1,57,8948362.34.00
2/11/2015,Quarter2,sweing,Wednesday,11,0.35,11.41,434,3240,0,0,0,1,52,8465053.46.00
2/12/2015,Quarter2,sweing,Thursday,1,0.8,22.52,1397,0,138,0,0,0,57,1674732.58.00
2/12/2015,Quarter2,finishing,Thursday,4,0.7,4.15,,1800,0,0,0,0,15,1610556.33.00
2/12/2015,Quarter2,sweing,Thursday,2,0.8,22.52,1327,0,113,0,0,0,57.5,5749.48.00
2/12/2015,Quarter2,finishing,Thursday,12,0.8,4.08,,1080,0,0,0,0,9,13977777.47.00
2/12/2015,Quarter2,sweing,Thursday,12,0.8,15.26,894,4080,50,0,0,0,34,13340032.41.00
2/12/2015,Quarter2,finishing,Thursday,8,0.35,4.15,,1440,0,0,0,0,12,12591435.11.00
2/12/2015,Quarter2,sweing,Thursday,5,1.15,30.1,610,7080,56,0,0,0,59,12513323.55.00
2/12/2015,Quarter2,sweing,Thursday,6,0.8,19.19,779,3960,0,0,0,0,33,11466961.17.00
2/12/2015,Quarter2,finishing,Thursday,1,0.8,4.34,,1440,0,0,0,0,12,11081.15.00
2/12/2015,Quarter2,finishing,Thursday,9,0.8,4.34,,960,0,0,0,0,8,10944444.27.00
2/12/2015,Quarter2,sweing,Thursday,4,0.7,30.1,419,7080,0,0,0,1,59,10628531.04.00
2/12/2015,Quarter2,finishing,Thursday,2,0.8,4.34,,2160,0,0,0,0,18,10032407.24.00
2/12/2015,Quarter2,finishing,Thursday,5,0.7,4.15,,240,0,0,0,0,2,0.58
2/12/2015,Quarter2,sweing,Thursday,7,1.05,30.1,909,7080,0,0,0,1,59,8927966.06.00
2/12/2015,Quarter2,sweing,Thursday,11,0.5,11.41,1039,2280,0,0,0,2,55,833538.56.00
2/12/2015,Quarter2,sweing,Thursday,9,0.8,29.12.00,14,6960,0,0,0,0,58,8298084.17.00
2/12/2015,Quarter2,sweing,Thursday,8,1.05,30.1,1193,7080,0,0,0,1,59,7723399.15.00
2/12/2015,Quarter2,sweing,Thursday,10,0.8,22.52,10,6000,0,0,0,0,50,7356.32.00
2/12/2015,Quarter2,sweing,Thursday,3,0.35,30.1,770,6960,0,0,0,1,58,5838362.04.00
2/14/2015,Quarter2,sweing,Saturday,1,0.8,22.52,1416,6840,113,0,0,0,57,3841.09.00
2/14/2015,Quarter2,finishing,Saturday,7,0.7,4.15,,1800,0,0,0,0,15,15487962.58.00
2/14/2015,Quarter2,finishing,Saturday,4,1.15,4.15,,2400,0,0,0,0,20,15048611.07.00
2/14/2015,Quarter2,finishing,Saturday,12,0.8,4.08,,1080,0,0,0,0,9,13348148.09.00
2/14/2015,Quarter2,sweing,Saturday,12,0.8,15.26,942,4080,63,0,0,0,34,13340032.41.00
2/14/2015,Quarter2,sweing,Saturday,2,0.8,22.52,674,3660,63,0,0,0,57,1333958.12.00
2/14/2015,Quarter2,finishing,Saturday,1,0.8,4.34,,1440,0,0,0,0,12,13270138.53.00
2/14/2015,Quarter2,sweing,Saturday,4,1.15,30.1,481,7140,0,0,0,1,59,12506535.57.00
2/14/2015,Quarter2,sweing,Saturday,5,1.15,30.1,664,7140,56,0,0,0,59,12506535.57.00
2/14/2015,Quarter2,finishing,Saturday,8,0.7,4.15,,960,0,0,0,0,8,12093.45.00
2/14/2015,Quarter2,sweing,Saturday,8,0.7,30.1,824,5160,0,0,0,1,60,11670102.05.00
2/14/2015,Quarter2,sweing,Saturday,7,0.7,30.1,957,7200,0,0,0,1,60,10.02
2/14/2015,Quarter2,sweing,Saturday,11,0.6,11.41,1039,2280,23,0,0,2,55,10007458.27.00
2/14/2015,Quarter2,sweing,Saturday,6,0.8,19.19,822,4080,0,0,0,0,34,9287540.51.00
2/14/2015,Quarter2,sweing,Saturday,3,0.5,30.1,1261,6960,30,0,0,1,58,8346695.24.00
2/14/2015,Quarter2,finishing,Saturday,6,0.8,2.9,,960,0,0,0,0,8,8055555.33.00
2/14/2015,Quarter2,finishing,Saturday,9,0.8,4.34,,960,0,0,0,0,8,3967361.07.00
2/15/2015,Quarter3,finishing,Sunday,1,0.8,4.34,,960,0,0,0,0,8,20073.55.00
2/15/2015,Quarter3,finishing,Sunday,2,0.8,4.34,,960,0,0,0,0,8,1803.05.00
2/15/2015,Quarter3,sweing,Sunday,1,0.8,22.52,1420,6840,113,0,0,0,57,3841.09.00
2/15/2015,Quarter3,finishing,Sunday,12,0.8,4.08,,1080,0,0,0,0,9,14607407.24.00
2/15/2015,Quarter3,sweing,Sunday,12,0.8,15.26,1120,1440,50,0,0,0,34,13346771.46.00
2/15/2015,Quarter3,finishing,Sunday,5,1.15,4.15,,240,0,0,0,0,2,12680555.33.00
2/15/2015,Quarter3,sweing,Sunday,5,0.8,30.1,679,7140,0,0,0,0,59.5,12042810.27.00
2/15/2015,Quarter3,finishing,Sunday,11,0.6,2.9,,1200,0,0,0,0,10,11922222.13.00
2/15/2015,Quarter3,sweing,Sunday,7,0.7,30.1,881,7080,0,0,0,1,59,11677212.48.00
2/15/2015,Quarter3,sweing,Sunday,8,0.7,30.1,507,5880,40,2,10,1,59,11676218.19.00
2/15/2015,Quarter3,sweing,Sunday,6,1.15,19.19,814,4080,0,0,0,0,34,11359967.19.00
2/15/2015,Quarter3,sweing,Sunday,11,1.05,11.41,700,2640,23,0,0,2,53,10837061.58.00
2/15/2015,Quarter3,finishing,Sunday,8,0.7,4.15,,960,0,0,0,0,8,10086805.33.00
2/15/2015,Quarter3,finishing,Sunday,6,0.8,2.9,,960,0,0,0,0,8,10069444.27.00
2/15/2015,Quarter3,sweing,Sunday,4,1.15,30.1,919,7140,0,0,0,1,59.5,9977124.11.00
2/15/2015,Quarter3,sweing,Sunday,3,0.6,30.1,1361,6960,30,0,0,1,58,7928639.51.00
2/15/2015,Quarter3,sweing,Sunday,2,0.8,22.52,12,6900,0,0,0,0,57.5,7202048.19.00
2/15/2015,Quarter3,finishing,Sunday,4,1.15,4.15,,2400,0,0,0,0,20,4784027.47.00
2/15/2015,Quarter3,sweing,Sunday,9,0.5,19.19,1688,5280,0,0,0,1,54,4717574.47.00
2/16/2015,Quarter3,sweing,Monday,1,0.8,22.52,1422,6840,113,0,0,0,57,3841.09.00
2/16/2015,Quarter3,finishing,Monday,9,0.8,4.34,,1200,0,0,0,0,10,16007222.13.00
2/16/2015,Quarter3,finishing,Monday,12,0.8,4.08,,1080,0,0,0,0,9,14859259.16.00
2/16/2015,Quarter3,finishing,Monday,3,0.5,4.15,,960,0,0,0,0,8,14409722.13.00
2/16/2015,Quarter3,sweing,Monday,3,1.05,30.1,1263,600,63,0,0,1,58,13370721.59.00
2/16/2015,Quarter3,sweing,Monday,5,0.8,30.1,461,0,0,0,0,0,59,13349673.12.00
2/16/2015,Quarter3,sweing,Monday,12,0.8,15.26,1079,3720,38,0,0,0,34,13338539.35.00
2/16/2015,Quarter3,finishing,Monday,6,0.8,2.9,,960,0,0,0,0,8,12888888.53.00
2/16/2015,Quarter3,sweing,Monday,6,1.15,19.19,895,3960,0,0,0,0,33,1251085.01.00
2/16/2015,Quarter3,sweing,Monday,4,1.15,30.1,912,7020,0,0,0,1,58,12505935.25.00
2/16/2015,Quarter3,finishing,Monday,4,1.15,4.15,,1800,0,0,0,0,15,12038888.53.00
2/16/2015,Quarter3,sweing,Monday,7,0.7,30.1,784,600,30,0,0,1,59,11674331.29.00
2/16/2015,Quarter3,finishing,Monday,5,1.15,4.15,,1200,0,0,0,0,10,10490277.47.00
2/16/2015,Quarter3,sweing,Monday,8,0.7,30.1,7,7080,27,2,10,2,59,10366195.51.00
2/16/2015,Quarter3,sweing,Monday,11,0.7,11.41,680,2160,30,0,0,2,54,9432870.22.00
2/16/2015,Quarter3,sweing,Monday,10,0.6,18.22,1131,5280,0,0,0,1,44,592380.03.00
2/16/2015,Quarter3,sweing,Monday,9,0.6,19.19,2103,5400,0,0,0,1,54,5499414.39.00
2/16/2015,Quarter3,finishing,Monday,7,0.7,4.15,,1800,0,0,0,0,15,4.18
2/17/2015,Quarter3,sweing,Tuesday,1,0.8,22.52,1445,6840,113,0,0,0,57,3841.09.00
2/17/2015,Quarter3,finishing,Tuesday,10,0.8,4.34,,960,0,0,0,0,8,15459027.47.00
2/17/2015,Quarter3,finishing,Tuesday,7,0.7,5.13,,1200,0,0,0,0,10,1522.55.00
2/17/2015,Quarter3,finishing,Tuesday,12,0.8,5.13,,1080,0,0,0,0,9,150.25.00
2/17/2015,Quarter3,sweing,Tuesday,12,0.8,15.26,1133,4080,38,0,0,0,34,13340032.41.00
2/17/2015,Quarter3,finishing,Tuesday,3,0.5,5.13,,1800,0,0,0,0,15,131.06.00
2/17/2015,Quarter3,sweing,Tuesday,6,1.15,19.19,726,3360,0,0,0,0,33,12510355.54.00
2/17/2015,Quarter3,sweing,Tuesday,4,1.15,30.1,849,7020,45,0,0,1,58,12505935.25.00
2/17/2015,Quarter3,finishing,Tuesday,6,0.8,2.9,,960,0,0,0,0,8,12486111.07.00
2/17/2015,Quarter3,sweing,Tuesday,7,0.7,30.1,562,840,30,0,0,1,59,11681470.03.00
2/17/2015,Quarter3,sweing,Tuesday,11,0.7,11.41,1054,3420,30,0,0,2,56,11676900.35.00
2/17/2015,Quarter3,sweing,Tuesday,3,0.7,30.1,1422,6960,50,0,0,1,58,11676724.08.00
2/17/2015,Quarter3,finishing,Tuesday,4,1.15,5.13,,960,0,0,0,0,8,10944444.27.00
2/17/2015,Quarter3,sweing,Tuesday,5,0.8,30.1,680,7140,0,0,0,0,59,10890522.53.00
2/17/2015,Quarter3,sweing,Tuesday,9,1.05,19.19,2120,5520,0,0,0,1,51,10835.34.00
2/17/2015,Quarter3,sweing,Tuesday,8,0.6,29.4,179,0,23,5,30,2,58,10016381.46.00
2/17/2015,Quarter3,finishing,Tuesday,9,0.8,4.34,,960,0,0,0,0,8,9767361.07.00
2/17/2015,Quarter3,finishing,Tuesday,2,0.8,5.13,,1800,0,0,0,0,15,96.54.00
2/17/2015,Quarter3,sweing,Tuesday,2,0.5,30.33.00,838,6720,0,0,0,1,56,6017857.09.00
2/17/2015,Quarter3,sweing,Tuesday,10,1.05,18.22,741,0,0,8,35,1,49,5035289.07.00
2/18/2015,Quarter3,finishing,Wednesday,12,0.8,5.13,,1200,0,0,0,0,10,165.18.00
2/18/2015,Quarter3,finishing,Wednesday,6,0.8,2.9,,1440,0,0,0,0,12,15614351.51.00
2/18/2015,Quarter3,finishing,Wednesday,2,0.8,5.13,,1440,0,0,0,0,12,15318.45.00
2/18/2015,Quarter3,sweing,Wednesday,11,0.7,11.41,685,3360,30,0,0,2,56,136852.05.00
2/18/2015,Quarter3,sweing,Wednesday,4,0.8,30.1,864,480,50,0,0,1,58,13349673.12.00
2/18/2015,Quarter3,sweing,Wednesday,5,0.8,30.1,511,0,0,0,0,0,59,13349673.12.00
2/18/2015,Quarter3,sweing,Wednesday,12,0.8,15.26,1095,4080,63,0,0,0,34,13340032.41.00
2/18/2015,Quarter3,sweing,Wednesday,1,0.8,22.52,1374,3960,63,0,0,0,57,13337994.53.00
2/18/2015,Quarter3,sweing,Wednesday,6,1.15,19.19,759,3960,34,0,0,0,33,1251085.01.00
2/18/2015,Quarter3,sweing,Wednesday,7,1.15,30.1,553,2280,45,0,0,1,59,1250887.48.00
2/18/2015,Quarter3,finishing,Wednesday,4,1.15,5.13,,960,0,0,0,0,8,12244097.13.00
2/18/2015,Quarter3,sweing,Wednesday,3,0.7,30.1,1057,0,40,0,0,1,58,11676724.08.00
2/18/2015,Quarter3,sweing,Wednesday,9,0.7,19.19,1587,4560,30,0,0,1,51,1166826.13.00
2/18/2015,Quarter3,finishing,Wednesday,7,0.7,5.13,,960,0,0,0,0,8,11197.55.00
2/18/2015,Quarter3,finishing,Wednesday,10,0.8,4.34,,960,0,0,0,0,8,1067.05.00
2/18/2015,Quarter3,finishing,Wednesday,8,0.7,5.13,,960,0,0,0,0,8,0.58
2/18/2015,Quarter3,finishing,Wednesday,9,0.8,4.34,,960,0,0,0,0,8,9163194.27.00
2/18/2015,Quarter3,sweing,Wednesday,2,0.6,30.33.00,868,6840,0,0,0,1,57,5468859.39.00
2/18/2015,Quarter3,sweing,Wednesday,10,0.7,20.08,1119,5640,0,8,35,1,47,5059574.28.00
2/18/2015,Quarter3,finishing,Wednesday,3,0.5,5.13,,960,0,0,0,0,8,42.45.00
2/18/2015,Quarter3,sweing,Wednesday,8,1.05,29.4,962,4560,0,4.5,30,2,57,4189987.34.00
2/19/2015,Quarter3,finishing,Thursday,3,0.5,5.13,,2880,0,0,0,0,12,1360677.05.00
2/19/2015,Quarter3,sweing,Thursday,12,0.8,15.26,1126,1080,38,0,0,0,34,13345191.34.00
2/19/2015,Quarter3,sweing,Thursday,1,0.8,22.52,265,3840,63,0,0,0,57,13341175.13.00
2/19/2015,Quarter3,sweing,Thursday,4,0.8,30.1,859,7020,63,0,0,1,58.5,13334900.17.00
2/19/2015,Quarter3,sweing,Thursday,5,0.8,30.1,276,600,63,3.5,15,0,59.5,13333047.33.00
2/19/2015,Quarter3,finishing,Thursday,6,0.8,2.9,,4320,0,0,0,0,18,13097736.38.00
2/19/2015,Quarter3,sweing,Thursday,6,1.15,19.19,899,3960,56,0,0,0,33,1251085.01.00
2/19/2015,Quarter3,finishing,Thursday,10,0.8,4.34,,2400,0,0,0,0,10,12221296.18.00
2/19/2015,Quarter3,finishing,Thursday,2,0.8,5.13,,3600,0,0,0,0,15,11835.25.00
2/19/2015,Quarter3,sweing,Thursday,3,0.7,30.1,247,6960,50,0,0,1,58,11676724.08.00
2/19/2015,Quarter3,sweing,Thursday,11,0.7,11.41,653,3480,30,0,0,2,58,11675674.01.00
2/19/2015,Quarter3,sweing,Thursday,8,0.7,29.4,1116,6240,0,0,0,2,57,0.7
2/19/2015,Quarter3,finishing,Thursday,4,1.15,5.13,,1920,0,0,0,0,8,11400462.58.00
2/19/2015,Quarter3,finishing,Thursday,8,0.7,5.13,,1920,0,0,0,0,8,11202256.57.00
2/19/2015,Quarter3,sweing,Thursday,9,0.7,19.19,1603,6120,30,0,0,1,51,10643572.59.00
2/19/2015,Quarter3,finishing,Thursday,5,1.15,5.13,,1920,0,0,0,0,8,10522569.27.00
2/19/2015,Quarter3,sweing,Thursday,7,1.15,30.1,444,0,0,5,20,1,59,10185675.37.00
2/19/2015,Quarter3,finishing,Thursday,12,0.8,5.13,,2160,0,0,0,0,9,10159722.13.00
2/19/2015,Quarter3,sweing,Thursday,2,1.05,30.33.00,841,6840,0,0,0,1,57,9755263.09.00
2/19/2015,Quarter3,sweing,Thursday,10,0.7,20.08,1410,5760,0,0,0,1,48,4156944.27.00
2/22/2015,Quarter4,finishing,Sunday,3,0.5,5.13,,1800,0,0,0,0,15,145.21.00
2/22/2015,Quarter4,finishing,Sunday,6,0.8,2.9,,960,0,0,0,0,8,138656.15.00
2/22/2015,Quarter4,finishing,Sunday,2,0.8,5.13,,4800,0,0,0,0,20,138343.45.00
2/22/2015,Quarter4,finishing,Sunday,11,0.6,2.9,,2880,0,0,0,0,12,13425925.56.00
2/22/2015,Quarter4,sweing,Sunday,12,0.8,15.26,1103,4080,63,0,0,0,34,13340032.41.00
2/22/2015,Quarter4,sweing,Sunday,4,0.8,30.1,922,5820,63,0,0,1,59,1333338.15.00
2/22/2015,Quarter4,finishing,Sunday,12,0.8,5.13,,2400,0,0,0,0,10,1306.15.00
2/22/2015,Quarter4,finishing,Sunday,9,0.8,4.34,,2400,0,0,0,0,10,12558.45.00
2/22/2015,Quarter4,sweing,Sunday,6,1.15,19.19,1055,3960,45,0,0,0,33,1251085.01.00
2/22/2015,Quarter4,finishing,Sunday,1,0.8,4.34,,2880,0,0,0,0,12,12122492.17.00
2/22/2015,Quarter4,sweing,Sunday,8,0.7,29.4,1146,6840,40,0,0,2,57,11676900.35.00
2/22/2015,Quarter4,sweing,Sunday,2,0.7,30.33.00,746,6840,0,0,0,1,57,11676754.23.00
2/22/2015,Quarter4,sweing,Sunday,11,1.15,11.41,834,3480,0,0,0,2,58,11202346.45.00
2/22/2015,Quarter4,sweing,Sunday,9,0.7,19.19,1717,3240,30,0,0,1,57,10450186.23.00
2/22/2015,Quarter4,sweing,Sunday,3,0.7,30.1,1041,8160,33,0,0,2,58,10442962.58.00
2/22/2015,Quarter4,sweing,Sunday,10,0.7,21.25,1531,6000,0,0,0,1,50,7614.35.00
2/22/2015,Quarter4,sweing,Sunday,7,1.15,30.1,627,6960,0,3.5,20,1,58,6559147.31.00
2/22/2015,Quarter4,finishing,Sunday,10,0.8,4.34,,960,0,0,0,0,8,6429861.07.00
2/22/2015,Quarter4,sweing,Sunday,5,0.8,30.1,450,5700,0,4.5,25,0,60,5125024.19.00
2/22/2015,Quarter4,finishing,Sunday,7,0.7,5.13,,960,0,0,0,0,8,4732638.53.00
2/23/2015,Quarter4,finishing,Monday,10,0.8,4.34,,2400,0,0,0,0,20,15929861.07.00
2/23/2015,Quarter4,finishing,Monday,8,0.7,5.13,,960,0,0,0,0,8,15506944.27.00
2/23/2015,Quarter4,finishing,Monday,12,0.8,5.13,,1080,0,0,0,0,9,150.25.00
2/23/2015,Quarter4,finishing,Monday,3,0.8,5.13,,2160,0,0,0,0,18,1451.55.00
2/23/2015,Quarter4,sweing,Monday,12,0.8,15.26,1060,4080,63,0,0,0,34,13340032.41.00
2/23/2015,Quarter4,sweing,Monday,4,0.8,30.1,891,7140,38,0,0,1,59,13335620.55.00
2/23/2015,Quarter4,sweing,Monday,5,0.8,30.1,541,7140,38,0,0,0,59,13335620.55.00
2/23/2015,Quarter4,sweing,Monday,7,1.15,30.1,709,6960,45,0,0,1,58,12512835.15.00
2/23/2015,Quarter4,sweing,Monday,6,1.15,19.19,1100,3960,45,0,0,0,33,1251085.01.00
2/23/2015,Quarter4,sweing,Monday,11,1.15,11.41,826,2820,0,0,0,2,58,12504898.59.00
2/23/2015,Quarter4,sweing,Monday,2,0.7,30.33.00,577,2160,30,0,0,1,58,11677.03.00
2/23/2015,Quarter4,sweing,Monday,8,0.7,29.4,1094,6840,40,0,0,2,57,11676900.35.00
2/23/2015,Quarter4,sweing,Monday,3,0.7,29.4,1228,6960,30,0,0,2,58,11672701.09.00
2/23/2015,Quarter4,sweing,Monday,9,0.7,19.19,1641,6000,40,0,0,1,50,1002.08.00
2/23/2015,Quarter4,sweing,Monday,10,0.7,21.25,1583,6000,0,0,0,1,50,6965277.47.00
2/23/2015,Quarter4,finishing,Monday,6,0.8,2.9,,960,0,0,0,0,8,61927.05.00
2/23/2015,Quarter4,finishing,Monday,9,0.8,2.9,,960,0,0,0,0,8,61927.05.00
2/23/2015,Quarter4,finishing,Monday,2,0.8,5.13,,960,0,0,0,0,8,614531.15.00
2/23/2015,Quarter4,finishing,Monday,7,0.7,5.13,,960,0,0,0,0,8,5940972.13.00
2/24/2015,Quarter4,finishing,Tuesday,10,0.7,2.9,,1800,0,0,0,0,15,15037037.02.00
2/24/2015,Quarter4,finishing,Tuesday,3,0.8,4.6,,1440,0,0,0,0,12,13523148.09.00
2/24/2015,Quarter4,sweing,Tuesday,12,0.8,15.26,1062,4080,50,0,0,0,34,13340032.41.00
2/24/2015,Quarter4,sweing,Tuesday,5,0.8,30.1,450,7140,50,0,0,0,60,13335620.55.00
2/24/2015,Quarter4,sweing,Tuesday,4,0.8,30.1,901,6480,50,0,0,1,59,13334530.39.00
2/24/2015,Quarter4,finishing,Tuesday,8,0.7,4.6,,960,0,0,0,0,8,13190972.13.00
2/24/2015,Quarter4,sweing,Tuesday,7,1.15,30.1,739,5640,45,0,0,1,59,12512122.06.00
2/24/2015,Quarter4,sweing,Tuesday,6,1.15,19.19,913,3360,45,0,0,0,33,1251085.01.00
2/24/2015,Quarter4,sweing,Tuesday,11,1.15,12.01,698,3360,34,0,0,2,57,12507287.49.00
2/24/2015,Quarter4,sweing,Tuesday,3,1.15,29.4,1172,5340,45,0,0,2,60,12502949.51.00
2/24/2015,Quarter4,finishing,Tuesday,6,1.15,2.9,,1800,0,0,0,0,15,12115555.33.00
2/24/2015,Quarter4,finishing,Tuesday,9,0.7,2.9,,1800,0,0,0,0,15,12115555.33.00
2/24/2015,Quarter4,sweing,Tuesday,2,0.7,30.33.00,408,1680,30,0,0,1,59,11677.03.00
2/24/2015,Quarter4,sweing,Tuesday,8,0.7,29.4,1079,4560,40,0,0,2,58,11675308.39.00
2/24/2015,Quarter4,sweing,Tuesday,9,0.7,19.19,1068,3000,30,0,0,1,52,11670946.35.00
2/24/2015,Quarter4,finishing,Tuesday,11,0.7,2.9,,960,0,0,0,0,8,84114.35.00
2/24/2015,Quarter4,sweing,Tuesday,10,0.7,21.25,1834,6360,0,0,0,1,53,7851808.11.00
2/24/2015,Quarter4,finishing,Tuesday,2,0.7,3.9,,960,0,0,0,0,8,5.25
2/24/2015,Quarter4,sweing,Tuesday,1,0.6,22.53,708,5040,0,0,0,1,42,4470238.06.00
2/25/2015,Quarter4,sweing,Wednesday,9,1.15,19.19,1085,6240,56,0,0,1,52,16180277.47.00
2/25/2015,Quarter4,finishing,Wednesday,5,0.8,4.6,,1080,0,0,0,0,9,15049382.43.00
2/25/2015,Quarter4,finishing,Wednesday,3,0.8,4.6,,2400,0,0,0,0,20,15013888.53.00
2/25/2015,Quarter4,finishing,Wednesday,12,0.8,4.6,,1800,0,0,0,0,15,14992592.36.00
2/25/2015,Quarter4,finishing,Wednesday,10,0.7,2.9,,1200,0,0,0,0,10,14097222.13.00
2/25/2015,Quarter4,sweing,Wednesday,4,0.8,30.1,323,4080,50,0,0,1,59,13346810.42.00
2/25/2015,Quarter4,sweing,Wednesday,12,0.8,15.26,1053,4080,50,0,0,0,34,13340032.41.00
2/25/2015,Quarter4,sweing,Wednesday,7,0.8,30.1,786,7080,50,0,0,2,59,13335263.39.00
2/25/2015,Quarter4,sweing,Wednesday,6,1.15,19.19,1003,3960,45,0,0,1,33,1251085.01.00
2/25/2015,Quarter4,sweing,Wednesday,11,1.15,12.01,635,3360,45,0,0,0,57,12508392.51.00
2/25/2015,Quarter4,sweing,Wednesday,3,1.15,29.4,1283,6960,45,0,0,2,58,12503448.17.00
2/25/2015,Quarter4,sweing,Wednesday,8,0.7,29.4,847,6960,30,0,0,1,58,11672701.09.00
2/25/2015,Quarter4,sweing,Wednesday,2,0.7,30.33.00,361,3960,30,0,0,1,58,11667830.11.00
2/25/2015,Quarter4,sweing,Wednesday,10,0.7,22.22,1653,6240,0,0,0,2,52,11667638.53.00
2/25/2015,Quarter4,finishing,Wednesday,7,1.15,4.6,,960,0,0,0,0,8,11277777.47.00
2/25/2015,Quarter4,finishing,Wednesday,8,0.7,4.6,,960,0,0,0,0,8,10975694.27.00
2/25/2015,Quarter4,sweing,Wednesday,5,0.8,30.1,15,1200,49,0,0,1,59,9979872.19.00
2/25/2015,Quarter4,sweing,Wednesday,1,1.05,22.53,762,5040,0,0,0,1,42,9685515.52.00
2/25/2015,Quarter4,finishing,Wednesday,2,0.7,3.9,,960,0,0,0,0,8,7339.35.00
2/25/2015,Quarter4,finishing,Wednesday,6,1.15,2.9,,960,0,0,0,0,8,6847222.13.00
2/25/2015,Quarter4,finishing,Wednesday,9,0.7,2.9,,960,0,0,0,0,8,6847222.13.00
2/26/2015,Quarter4,finishing,Thursday,3,0.8,4.6,,6300,0,0,0,0,15,15361728.24.00
2/26/2015,Quarter4,finishing,Thursday,5,0.8,4.6,,7560,0,0,0,0,18,15360082.18.00
2/26/2015,Quarter4,sweing,Thursday,7,0.8,30.1,694,4080,50,0,0,1,59,13346810.42.00
2/26/2015,Quarter4,sweing,Thursday,11,0.8,12.01,816,2820,50,0,0,2,57,13341944.27.00
2/26/2015,Quarter4,sweing,Thursday,12,0.8,15.26,1065,4080,63,0,0,0,34,13340032.41.00
2/26/2015,Quarter4,finishing,Thursday,1,0.5,4.34,,3360,0,0,0,0,8,12814120.22.00
2/26/2015,Quarter4,sweing,Thursday,6,1.15,19.19,912,3960,45,0,0,0,33,1251085.01.00
2/26/2015,Quarter4,sweing,Thursday,3,1.15,29.4,1244,6840,45,0,0,2,57,12507894.44.00
2/26/2015,Quarter4,sweing,Thursday,9,1.15,19.19,1020,5640,45,0,0,1,52,12506198.15.00
2/26/2015,Quarter4,sweing,Thursday,8,1.15,29.4,916,6960,56,0,0,2,58,12503448.17.00
2/26/2015,Quarter4,sweing,Thursday,10,0.7,22.22,1591,3240,0,0,0,1,52,11670862.53.00
2/26/2015,Quarter4,sweing,Thursday,2,0.7,30.33.00,398,6960,0,0,0,1,58,1103965.31.00
2/26/2015,Quarter4,finishing,Thursday,12,0.8,4.6,,3780,0,0,0,0,9,9843621.24.00
2/26/2015,Quarter4,finishing,Thursday,2,0.7,3.9,,960,0,0,0,0,8,92760.25.00
2/26/2015,Quarter4,sweing,Thursday,4,0.8,30.1,437,7080,32,0,0,2,59,8260291.54.00
2/26/2015,Quarter4,sweing,Thursday,5,0.35,27.48.00,413,6840,38,0,0,1,57,7499415.12.00
2/26/2015,Quarter4,finishing,Thursday,10,0.7,2.9,,3360,0,0,0,0,8,6847222.13.00
2/26/2015,Quarter4,finishing,Thursday,9,1.15,2.9,,960,0,0,0,0,8,67968.45.00
2/26/2015,Quarter4,sweing,Thursday,1,0.35,27.06.00,1164,6600,23,0,0,2,55,6314919.12.00
2/26/2015,Quarter4,finishing,Thursday,8,1.15,4.6,,3360,0,0,0,0,8,6276620.22.00
2/26/2015,Quarter4,finishing,Thursday,6,1.15,2.9,,3360,0,0,0,0,8,4531.15.00
2/28/2015,Quarter4,finishing,Saturday,3,0.8,4.6,,6300,0,0,0,0,15,15361728.24.00
2/28/2015,Quarter4,finishing,Saturday,5,0.8,4.6,,7560,0,0,0,0,18,15360082.18.00
2/28/2015,Quarter4,sweing,Saturday,11,0.8,12.01,954,0,50,0,0,2,58,13346316.58.00
2/28/2015,Quarter4,sweing,Saturday,12,0.8,15.26,1194,1700,62,0,0,0,34,13337680.21.00
2/28/2015,Quarter4,sweing,Saturday,7,0.8,30.1,644,840,38,0,0,1,59,13333047.33.00
2/28/2015,Quarter4,finishing,Saturday,1,0.5,4.34,,3360,0,0,0,0,8,12814120.22.00
2/28/2015,Quarter4,sweing,Saturday,3,1.15,29.4,1144,4440,45,0,0,2,57,12511949.41.00
2/28/2015,Quarter4,sweing,Saturday,6,1.15,19.19,1012,3960,45,0,0,0,33,1251085.01.00
2/28/2015,Quarter4,sweing,Saturday,8,1.15,29.4,792,4560,56,0,0,2,58,12507098.46.00
2/28/2015,Quarter4,sweing,Saturday,9,1.15,19.19,841,6240,45,0,0,1,52,12506591.53.00
2/28/2015,Quarter4,sweing,Saturday,10,0.7,22.22,1448,6120,40,0,0,1,51,11670610.01.00
2/28/2015,Quarter4,sweing,Saturday,2,0.7,30.33.00,512,4560,0,0,0,1,58,11670185.11.00
2/28/2015,Quarter4,finishing,Saturday,12,0.8,4.6,,3780,0,0,0,0,9,9843621.24.00
2/28/2015,Quarter4,finishing,Saturday,2,0.7,3.9,,960,0,0,0,0,8,92760.25.00
2/28/2015,Quarter4,sweing,Saturday,5,0.5,27.48.00,609,6840,30,0,0,1,57,9173391.49.00
2/28/2015,Quarter4,sweing,Saturday,1,0.5,27.06.00,1448,6840,30,0,0,2,57,9172495.08.00
2/28/2015,Quarter4,sweing,Saturday,4,0.5,27.06.00,556,6960,23,0,0,2,58,8337634.06.00
2/28/2015,Quarter4,finishing,Saturday,10,0.7,2.9,,3360,0,0,0,0,8,6847222.13.00
2/28/2015,Quarter4,finishing,Saturday,9,1.15,2.9,,960,0,0,0,0,8,67968.45.00
2/28/2015,Quarter4,finishing,Saturday,8,1.15,4.6,,3360,0,0,0,0,8,6276620.22.00
2/28/2015,Quarter4,finishing,Saturday,6,1.15,2.9,,3360,0,0,0,0,8,4531.15.00
3/1/2015,Quarter1,finishing,Sunday,3,0.8,4.6,,10500,0,0,0,0,25,15605925.56.00
3/1/2015,Quarter1,finishing,Sunday,8,1.15,4.6,,3360,0,0,0,0,8,13560185.11.00
3/1/2015,Quarter1,sweing,Sunday,12,0.8,15.26,1106,4080,63,0,0,0,34,13340032.41.00
3/1/2015,Quarter1,sweing,Sunday,8,1.15,29.4,622,6240,56,0,0,0,57,1251.15.00
3/1/2015,Quarter1,sweing,Sunday,6,1.15,19.19,1193,3960,45,0,0,0,33,1251085.01.00
3/1/2015,Quarter1,sweing,Sunday,3,1.15,29.4,1143,6840,45,0,0,0,57,12507894.44.00
3/1/2015,Quarter1,sweing,Sunday,9,1.15,19.19,895,6240,34,0,0,0,52,12506591.53.00
3/1/2015,Quarter1,sweing,Sunday,5,0.6,27.48.00,549,6720,38,0,0,0,56,11790773.49.00
3/1/2015,Quarter1,sweing,Sunday,10,0.7,22.22,1393,5640,30,0,0,0,52,11670610.01.00
3/1/2015,Quarter1,sweing,Sunday,1,0.6,27.06.00,1578,6840,38,0,0,0,57,11666998.03.00
3/1/2015,Quarter1,sweing,Sunday,2,0.7,30.33.00,254,1800,0,0,0,0,58,11392510.07.00
3/1/2015,Quarter1,sweing,Sunday,11,0.8,12.01,347,0,50,4,20,0,57,11373883.56.00
3/1/2015,Quarter1,finishing,Sunday,4,0.6,4.34,,960,0,0,0,0,8,11218055.33.00
3/1/2015,Quarter1,finishing,Sunday,10,0.7,2.9,,3360,0,0,0,0,8,11076388.53.00
3/1/2015,Quarter1,sweing,Sunday,4,0.6,27.06.00,692,6840,23,0,0,0,57,10003996.06.00
3/1/2015,Quarter1,finishing,Sunday,2,0.7,3.9,,960,0,0,0,0,8,9.45
3/1/2015,Quarter1,sweing,Sunday,7,0.8,30.1,934,6960,0,3.5,15,0,58,9658524.54.00
3/1/2015,Quarter1,finishing,Sunday,1,0.6,4.34,,3360,0,0,0,0,8,7478703.42.00
3/1/2015,Quarter1,finishing,Sunday,9,1.15,2.9,,960,0,0,0,0,8,7451388.53.00
3/1/2015,Quarter1,finishing,Sunday,7,0.8,4.6,,3360,0,0,0,0,8,5840277.47.00
3/2/2015,Quarter1,finishing,Monday,2,0.7,3.9,,1200,0,0,0,0,10,1548.05.00
3/2/2015,Quarter1,finishing,Monday,3,0.8,4.6,,10080,0,0,0,0,24,1433950.37.00
3/2/2015,Quarter1,finishing,Monday,4,1.05,4.34,,960,0,0,0,0,8,13447986.07.00
3/2/2015,Quarter1,sweing,Monday,1,1.05,27.06.00,1527,6840,65,0,0,0,57,13342992.12.00
3/2/2015,Quarter1,sweing,Monday,12,0.8,15.26,1035,4080,63,0,0,0,34,13340032.41.00
3/2/2015,Quarter1,finishing,Monday,9,1.15,2.9,,1200,0,0,0,0,10,133.24.00
3/2/2015,Quarter1,sweing,Monday,11,0.8,12.01,632,0,50,0,0,0,57,13338486.51.00
3/2/2015,Quarter1,sweing,Monday,3,0.8,29.4,1231,4680,50,0,0,0,57,13335830.13.00
3/2/2015,Quarter1,sweing,Monday,7,0.8,30.1,616,7080,0,0,0,0,59,13335263.39.00
3/2/2015,Quarter1,finishing,Monday,8,1.15,4.6,,3360,0,0,0,0,8,12888888.53.00
3/2/2015,Quarter1,sweing,Monday,6,1.15,19.19,947,2880,34,0,0,0,33,12513283.29.00
3/2/2015,Quarter1,sweing,Monday,8,1.15,29.4,551,6840,45,0,0,0,57,12507894.44.00
3/2/2015,Quarter1,sweing,Monday,9,1.15,19.19,935,6240,45,0,0,0,52,12506591.53.00
3/2/2015,Quarter1,sweing,Monday,4,1.05,27.06.00,832,6780,55,0,0,0,57,12504247.47.00
3/2/2015,Quarter1,sweing,Monday,5,1.05,27.48.00,544,6720,34,0,0,0,56,11681726.11.00
3/2/2015,Quarter1,sweing,Monday,10,0.7,22.22,1511,3600,30,0,0,0,51,1166893.24.00
3/2/2015,Quarter1,finishing,Monday,10,0.7,2.9,,3360,0,0,0,0,8,10539351.51.00
3/2/2015,Quarter1,finishing,Monday,12,0.8,4.6,,3780,0,0,0,0,9,10127572.01.00
3/2/2015,Quarter1,finishing,Monday,1,1.05,4.34,,3360,0,0,0,0,8,8965324.04.00
3/2/2015,Quarter1,finishing,Monday,7,0.8,4.6,,3360,0,0,0,0,8,5706018.31.00
3/3/2015,Quarter1,finishing,Tuesday,7,0.8,4.6,,4200,0,0,0,0,10,16658888.53.00
3/3/2015,Quarter1,finishing,Tuesday,3,0.8,4.6,,6300,0,0,0,0,15,15049382.43.00
3/3/2015,Quarter1,sweing,Tuesday,11,0.8,11.41,601,0,50,0,0,0,56,13345029.14.00
3/3/2015,Quarter1,sweing,Tuesday,1,0.7,27.06.00,1562,6960,60,0,0,0,58,13342768.12.00
3/3/2015,Quarter1,sweing,Tuesday,12,0.8,15.26,983,4080,50,0,0,0,34,13340032.41.00
3/3/2015,Quarter1,sweing,Tuesday,3,0.8,29.4,1156,6840,50,0,0,0,57,13338888.53.00
3/3/2015,Quarter1,sweing,Tuesday,7,0.8,30.1,29,7080,50,0,0,0,59,13335263.39.00
3/3/2015,Quarter1,sweing,Tuesday,4,0.7,27.06.00,950,6960,50,0,0,0,58,12512835.15.00
3/3/2015,Quarter1,sweing,Tuesday,8,1.15,29.4,534,6840,56,0,0,0,57,12507894.44.00
3/3/2015,Quarter1,sweing,Tuesday,9,1.15,19.19,1096,6240,34,0,0,0,52,12506591.53.00
3/3/2015,Quarter1,sweing,Tuesday,6,1.15,20.2,402,3120,45,0,0,0,33,12503542.33.00
3/3/2015,Quarter1,finishing,Tuesday,8,1.15,4.6,,3360,0,0,0,0,8,11712962.58.00
3/3/2015,Quarter1,sweing,Tuesday,5,0.7,27.48.00,573,6840,30,0,0,0,57,11677660.49.00
3/3/2015,Quarter1,sweing,Tuesday,10,0.7,22.22,1313,5040,30,0,0,0,51,11666406.57.00
3/3/2015,Quarter1,finishing,Tuesday,12,0.8,4.6,,3780,0,0,0,0,9,10600823.03.00
3/3/2015,Quarter1,finishing,Tuesday,2,0.4,3.9,,6300,0,0,0,0,15,9456296.18.00
3/3/2015,Quarter1,finishing,Tuesday,1,0.7,4.34,,3360,0,0,0,0,8,9257175.56.00
3/3/2015,Quarter1,finishing,Tuesday,4,0.7,4.34,,3360,0,0,0,0,8,9257175.56.00
3/3/2015,Quarter1,finishing,Tuesday,10,0.7,2.9,,3360,0,0,0,0,8,7719907.24.00
3/3/2015,Quarter1,finishing,Tuesday,5,0.7,4.6,,3360,0,0,0,0,8,5907407.24.00
3/3/2015,Quarter1,finishing,Tuesday,6,1.15,2.9,,3360,0,0,0,0,8,5155555.33.00
3/3/2015,Quarter1,sweing,Tuesday,2,0.4,15.28,157,5400,0,6.5,30,1,45,504617.17.00
3/4/2015,Quarter1,finishing,Wednesday,3,0.8,4.6,,1200,0,0,0,0,10,15652777.47.00
3/4/2015,Quarter1,finishing,Wednesday,8,0.8,4.6,,960,0,0,0,0,8,15506944.27.00
3/4/2015,Quarter1,finishing,Wednesday,12,0.8,4.6,,1080,0,0,0,0,9,14765432.06.00
3/4/2015,Quarter1,finishing,Wednesday,9,1.15,2.9,,960,0,0,0,0,8,1389.35.00
3/4/2015,Quarter1,finishing,Wednesday,1,0.7,4.34,,960,0,0,0,0,8,13447986.07.00
3/4/2015,Quarter1,finishing,Wednesday,4,0.7,4.34,,960,0,0,0,0,8,13434305.33.00
3/4/2015,Quarter1,sweing,Wednesday,11,0.8,11.41,433,0,38,0,0,0,56,13345029.14.00
3/4/2015,Quarter1,sweing,Wednesday,12,0.8,15.26,961,4080,50,0,0,0,34,13340032.41.00
3/4/2015,Quarter1,sweing,Wednesday,3,0.8,29.4,1169,6840,63,0,0,0,57,13338888.53.00
3/4/2015,Quarter1,sweing,Wednesday,7,0.8,30.1,874,3960,50,0,0,0,59,13334262.42.00
3/4/2015,Quarter1,sweing,Wednesday,4,0.7,27.22.00,1028,6960,60,0,0,0,58,13332931.02.00
3/4/2015,Quarter1,sweing,Wednesday,1,0.7,27.22.00,1772,6960,50,0,0,0,58,12510862.04.00
3/4/2015,Quarter1,sweing,Wednesday,9,1.15,19.19,1206,6240,34,0,0,0,52,12506591.53.00
3/4/2015,Quarter1,sweing,Wednesday,5,0.7,27.48.00,586,6960,40,0,0,0,58,11673735.38.00
3/4/2015,Quarter1,sweing,Wednesday,10,0.7,22.22,1334,5760,30,0,0,0,53,11667638.53.00
3/4/2015,Quarter1,finishing,Wednesday,7,0.8,4.6,,8400,0,0,0,0,20,11414814.49.00
3/4/2015,Quarter1,finishing,Wednesday,5,0.7,4.6,,960,0,0,0,0,8,9868055.33.00
3/4/2015,Quarter1,finishing,Wednesday,2,0.5,3.9,,960,0,0,0,0,8,90052.05.00
3/4/2015,Quarter1,sweing,Wednesday,8,0.8,29.4,30,6840,0,0,0,0,57,7221052.38.00
3/4/2015,Quarter1,sweing,Wednesday,2,0.5,15.28,261,5520,0,0,0,1,46,6735748.48.00
3/4/2015,Quarter1,sweing,Wednesday,6,1.15,19.19,52,3960,0,0,0,0,33,5535774.25.00
3/5/2015,Quarter1,finishing,Thursday,8,0.8,4.6,,2640,0,0,0,0,22,16349747.28.00
3/5/2015,Quarter1,finishing,Thursday,2,0.6,3.9,,960,0,0,0,0,8,15843.45.00
3/5/2015,Quarter1,finishing,Thursday,11,0.8,2.9,,1200,0,0,0,0,10,15454861.07.00
3/5/2015,Quarter1,finishing,Thursday,12,0.8,4.6,,1080,0,0,0,0,9,14481481.29.00
3/5/2015,Quarter1,finishing,Thursday,1,0.7,4.34,,960,0,0,0,0,8,13543.45.00
3/5/2015,Quarter1,finishing,Thursday,4,0.7,4.34,,960,0,0,0,0,8,13543.45.00
3/5/2015,Quarter1,finishing,Thursday,3,0.8,4.6,,1800,0,0,0,0,15,13501851.51.00
3/5/2015,Quarter1,sweing,Thursday,11,0.8,11.41,455,3420,50,0,0,0,56,13345029.14.00
3/5/2015,Quarter1,sweing,Thursday,3,0.8,29.4,797,1800,63,0,0,0,57,13342249.39.00
3/5/2015,Quarter1,sweing,Thursday,12,0.8,15.26,959,4080,50,0,0,0,34,13340032.41.00
3/5/2015,Quarter1,sweing,Thursday,1,0.7,27.22.00,1373,6960,50,0,0,0,58,12510862.04.00
3/5/2015,Quarter1,sweing,Thursday,9,1.15,19.19,1228,6240,45,0,0,0,52,12506591.53.00
3/5/2015,Quarter1,sweing,Thursday,4,0.7,27.22.00,1117,7080,50,0,0,0,59,12500847.27.00
3/5/2015,Quarter1,sweing,Thursday,5,0.7,27.48.00,230,6960,40,0,0,0,58,11673735.38.00
3/5/2015,Quarter1,sweing,Thursday,10,0.7,22.22,1390,6000,30,0,0,0,50,11673.42.00
3/5/2015,Quarter1,sweing,Thursday,2,0.6,15.28,529,1320,0,0,0,1,46,10001652.25.00
3/5/2015,Quarter1,finishing,Thursday,9,1.15,2.9,,960,0,0,0,0,8,7552.05.00
3/5/2015,Quarter1,sweing,Thursday,7,0.8,30.1,834,1200,0,4,40,0,59,6100892.03.00
3/5/2015,Quarter1,sweing,Thursday,6,0.35,22.53,1450,2640,0,0,0,1,39,439489.42.00
3/7/2015,Quarter1,finishing,Saturday,12,0.8,4.6,,1080,0,0,0,0,9,14481481.29.00
3/7/2015,Quarter1,sweing,Saturday,12,0.8,15.26,986,4080,75,0,0,0,34,14175343.08.00
3/7/2015,Quarter1,sweing,Saturday,1,0.7,27.22.00,1267,8160,70,0,0,0,58,14167.25.00
3/7/2015,Quarter1,finishing,Saturday,7,0.8,4.6,,6000,0,0,0,0,25,13757407.24.00
3/7/2015,Quarter1,finishing,Saturday,5,0.35,4.34,,2400,0,0,0,0,10,1342.55.00
3/7/2015,Quarter1,sweing,Saturday,4,0.7,27.22.00,1195,6960,60,0,0,0,58,13345775.52.00
3/7/2015,Quarter1,sweing,Saturday,3,0.8,29.4,983,6840,63,0,0,1,57,13342982.27.00
3/7/2015,Quarter1,sweing,Saturday,11,0.8,11.41,471,3420,50,0,0,0,58,13333908.23.00
3/7/2015,Quarter1,finishing,Saturday,6,0.5,2.9,,960,0,0,0,0,8,132.55.00
3/7/2015,Quarter1,sweing,Saturday,9,1.15,19.19,1226,3480,45,0,0,0,51,12499785.24.00
3/7/2015,Quarter1,sweing,Saturday,10,0.7,22.22,1251,6000,30,0,0,0,50,11673.42.00
3/7/2015,Quarter1,finishing,Saturday,1,0.7,4.34,,960,0,0,0,0,8,11081.15.00
3/7/2015,Quarter1,finishing,Saturday,4,0.7,4.34,,960,0,0,0,0,8,11081.15.00
3/7/2015,Quarter1,finishing,Saturday,11,0.8,2.9,,960,0,0,0,0,8,10951388.53.00
3/7/2015,Quarter1,sweing,Saturday,2,1.05,16.1,626,4200,0,0,0,1,45,1083733.51.00
3/7/2015,Quarter1,finishing,Saturday,8,0.8,4.6,,3600,0,0,0,0,15,9845679.01.00
3/7/2015,Quarter1,finishing,Saturday,2,1.05,3.9,,1920,0,0,0,0,8,8802.05.00
3/7/2015,Quarter1,sweing,Saturday,6,0.5,23.41,1379,2280,0,0,0,1,39,8342134.55.00
3/7/2015,Quarter1,sweing,Saturday,5,0.7,27.48.00,541,6960,24,0,0,1,58,6816005.45.00
3/8/2015,Quarter2,finishing,Sunday,3,0.8,4.6,,1440,0,0,0,0,12,15865740.44.00
3/8/2015,Quarter2,finishing,Sunday,12,0.8,4.6,,1080,0,0,0,0,9,15759259.16.00
3/8/2015,Quarter2,finishing,Sunday,9,1.15,2.9,,1080,0,0,0,0,9,15484567.54.00
3/8/2015,Quarter2,finishing,Sunday,1,1.15,4.34,,960,0,0,0,0,8,14843402.47.00
3/8/2015,Quarter2,finishing,Sunday,4,1.15,4.34,,960,0,0,0,0,8,14843402.47.00
3/8/2015,Quarter2,finishing,Sunday,2,0.7,3.9,,1200,0,0,0,0,10,14.44
3/8/2015,Quarter2,finishing,Sunday,5,0.5,4.34,,960,0,0,0,0,8,14298611.07.00
3/8/2015,Quarter2,sweing,Sunday,4,1.15,27.22.00,1082,6840,65,0,0,0,57,14168070.11.00
3/8/2015,Quarter2,sweing,Sunday,1,1.15,27.22.00,1254,6960,65,0,0,0,58,1416784.29.00
3/8/2015,Quarter2,sweing,Sunday,3,0.8,30.1,1278,3360,50,0,0,1,57,13341851.08.00
3/8/2015,Quarter2,sweing,Sunday,12,0.8,15.26,1064,4080,63,0,0,0,34,13340032.41.00
3/8/2015,Quarter2,sweing,Sunday,11,0.8,11.41,313,3420,50,0,0,0,58,13333908.23.00
3/8/2015,Quarter2,finishing,Sunday,11,0.8,2.9,,960,0,0,0,0,8,12586805.33.00
3/8/2015,Quarter2,sweing,Sunday,9,1.15,19.19,1239,5640,45,0,0,0,52,12506198.15.00
3/8/2015,Quarter2,sweing,Sunday,10,0.7,22.22,1335,6000,30,0,0,0,50,11673.42.00
3/8/2015,Quarter2,sweing,Sunday,2,0.7,16.1,928,4800,30,0,0,1,45,11668434.21.00
3/8/2015,Quarter2,sweing,Sunday,6,0.6,23.41,1266,2520,23,0,0,1,38,10017284.51.00
3/8/2015,Quarter2,sweing,Sunday,8,0.6,30.48.00,869,6720,0,0,0,1,56,10008809.31.00
3/8/2015,Quarter2,sweing,Sunday,5,0.5,27.22.00,711,7080,23,0,0,1,59,8333898.18.00
3/8/2015,Quarter2,finishing,Sunday,8,0.6,3.9,,960,0,0,0,0,8,75156.15.00
3/8/2015,Quarter2,finishing,Sunday,10,0.7,2.9,,960,0,0,0,0,8,7350694.27.00
3/8/2015,Quarter2,finishing,Sunday,6,0.6,2.9,,960,0,0,0,0,8,4531.15.00
3/9/2015,Quarter2,finishing,Monday,11,0.8,2.9,,0,960,0,0,0,8,16010.25.00
3/9/2015,Quarter2,finishing,Monday,12,0.8,4.6,,0,1080,0,0,0,9,15049382.43.00
3/9/2015,Quarter2,finishing,Monday,5,0.6,4.34,,0,2880,0,0,0,12,14405709.53.00
3/9/2015,Quarter2,sweing,Monday,4,1.15,27.22.00,1079,7020,65,0,0,0,58,14174102.34.00
3/9/2015,Quarter2,sweing,Monday,1,1.15,27.22.00,1322,7140,65,0,0,0,59,14173781.31.00
3/9/2015,Quarter2,finishing,Monday,9,1.15,2.9,,0,3600,0,0,0,15,14.01
3/9/2015,Quarter2,sweing,Monday,3,0.8,30.1,964,5160,50,0,0,1,58,13347373.44.00
3/9/2015,Quarter2,sweing,Monday,12,0.8,15.26,1132,4080,63,0,0,0,34,13340032.41.00
3/9/2015,Quarter2,sweing,Monday,11,0.8,11.41,357,3420,50,0,0,0,58,13333908.23.00
3/9/2015,Quarter2,finishing,Monday,3,0.8,4.6,,0,1440,0,0,0,12,13256944.27.00
3/9/2015,Quarter2,finishing,Monday,4,1.15,4.34,,0,960,0,0,0,8,132564.35.00
3/9/2015,Quarter2,finishing,Monday,1,1.15,4.34,,0,960,0,0,0,8,13242777.47.00
3/9/2015,Quarter2,sweing,Monday,9,1.15,19.19,1193,6240,45,0,0,0,52,12506591.53.00
3/9/2015,Quarter2,sweing,Monday,2,0.7,16.1,817,5520,30,0,0,1,45,11675270.24.00
3/9/2015,Quarter2,sweing,Monday,10,0.7,22.22,1576,6000,30,0,0,0,50,11673.42.00
3/9/2015,Quarter2,finishing,Monday,2,0.7,3.9,,0,1200,0,0,0,10,113.45.00
3/9/2015,Quarter2,sweing,Monday,6,1.05,23.41,1262,4560,35,0,0,1,38,10849371.21.00
3/9/2015,Quarter2,sweing,Monday,8,1.05,30.48.00,953,6720,26,0,0,1,56,10840357.09.00
3/9/2015,Quarter2,sweing,Monday,5,0.6,27.22.00,919,7080,23,0,0,1,59,10000677.58.00
3/9/2015,Quarter2,sweing,Monday,7,0.5,30.48.00,1161,6600,0,0,0,1,55,8343515.09.00
3/9/2015,Quarter2,finishing,Monday,10,0.7,2.9,,0,960,0,0,0,8,7954861.07.00
3/9/2015,Quarter2,finishing,Monday,8,1.05,3.9,,0,960,0,0,0,8,44010.25.00
3/10/2015,Quarter2,finishing,Tuesday,12,0.8,4.6,,1080,0,0,0,0,9,1.32
3/10/2015,Quarter2,finishing,Tuesday,5,0.6,4.34,,1440,0,0,0,0,12,15156527.47.00
3/10/2015,Quarter2,sweing,Tuesday,1,1.15,27.22.00,1574,7080,75,0,0,0,59,15001016.57.00
3/10/2015,Quarter2,finishing,Tuesday,3,0.8,4.6,,1440,0,0,0,0,12,14907407.24.00
3/10/2015,Quarter2,finishing,Tuesday,4,1.15,4.34,,960,0,0,0,0,8,14692.55.00
3/10/2015,Quarter2,finishing,Tuesday,1,1.15,4.34,,960,0,0,0,0,8,14679236.07.00
3/10/2015,Quarter2,sweing,Tuesday,4,1.15,27.22.00,1104,5880,65,0,0,0,59,14168070.11.00
3/10/2015,Quarter2,finishing,Tuesday,9,1.15,2.9,,1800,0,0,0,0,15,13694444.27.00
3/10/2015,Quarter2,sweing,Tuesday,12,0.8,15.26,1069,4080,63,0,0,0,34,13340032.41.00
3/10/2015,Quarter2,sweing,Tuesday,3,0.8,30.1,756,6960,63,0,0,1,58,13334530.39.00
3/10/2015,Quarter2,sweing,Tuesday,11,0.8,11.41,338,3420,50,0,0,0,58,13333908.23.00
3/10/2015,Quarter2,finishing,Tuesday,11,0.8,2.9,,960,0,0,0,0,8,12637152.47.00
3/10/2015,Quarter2,sweing,Tuesday,10,1.15,22.22,1499,6000,34,0,0,0,50,12510.08.00
3/10/2015,Quarter2,sweing,Tuesday,9,1.15,19.19,1247,6240,45,0,0,0,52,12506591.53.00
3/10/2015,Quarter2,finishing,Tuesday,2,0.7,3.9,,960,0,0,0,0,8,12.21
3/10/2015,Quarter2,sweing,Tuesday,8,0.7,30.48.00,923,6840,30,0,0,1,57,11675087.43.00
3/10/2015,Quarter2,sweing,Tuesday,6,0.7,23.41,1180,4560,30,0,0,1,38,11670774.51.00
3/10/2015,Quarter2,sweing,Tuesday,2,0.7,16.1,957,5400,40,0,0,1,45,11667530.52.00
3/10/2015,Quarter2,sweing,Tuesday,5,1.05,27.22.00,1001,7080,26,0,0,1,59,10834067.48.00
3/10/2015,Quarter2,sweing,Tuesday,7,0.6,30.48.00,1017,6840,25,0,0,1,57,10506715.24.00
3/10/2015,Quarter2,finishing,Tuesday,8,1.05,3.9,,960,0,0,0,0,8,9343.45.00
3/10/2015,Quarter2,finishing,Tuesday,7,0.5,3.9,,960,0,0,0,0,8,9343.45.00
3/10/2015,Quarter2,finishing,Tuesday,10,0.7,2.9,,960,0,0,0,0,8,664.35.00
3/11/2015,Quarter2,finishing,Wednesday,12,0.8,4.6,,2160,0,0,0,0,9,15380658.26.00
3/11/2015,Quarter2,finishing,Wednesday,11,0.8,2.9,,2400,0,0,0,0,10,14567129.38.00
3/11/2015,Quarter2,finishing,Wednesday,2,1.15,3.9,,1920,0,0,0,0,8,13654513.53.00
3/11/2015,Quarter2,finishing,Wednesday,4,1.15,4.34,,1920,0,0,0,0,8,13555150.28.00
3/11/2015,Quarter2,finishing,Wednesday,1,1.15,4.34,,1920,0,0,0,0,8,13543.45.00
3/11/2015,Quarter2,sweing,Wednesday,12,0.8,15.26,470,4080,63,0,0,0,34,13340032.41.00
3/11/2015,Quarter2,sweing,Wednesday,3,0.8,30.1,735,6960,63,0,0,1,58,13334530.39.00
3/11/2015,Quarter2,sweing,Wednesday,11,0.8,11.41,560,3420,50,0,0,0,58,13333908.23.00
3/11/2015,Quarter2,finishing,Wednesday,3,0.8,4.6,,1920,0,0,0,0,8,13110532.24.00
3/11/2015,Quarter2,finishing,Wednesday,5,0.7,4.34,,1440,0,0,0,0,12,1264.45.00
3/11/2015,Quarter2,sweing,Wednesday,10,1.15,22.22,1674,6000,34,0,0,0,50,12510.08.00
3/11/2015,Quarter2,sweing,Wednesday,9,1.15,19.19,290,5040,45,0,0,0,52,12505788.53.00
3/11/2015,Quarter2,sweing,Wednesday,2,1.15,16.1,971,5400,45,0,0,1,45,12502345.41.00
3/11/2015,Quarter2,sweing,Wednesday,1,1.15,27.22.00,1322,7080,45,0,0,0,59,12500847.27.00
3/11/2015,Quarter2,sweing,Wednesday,4,1.15,27.22.00,1054,7080,45,0,0,0,59,12500847.27.00
3/11/2015,Quarter2,sweing,Wednesday,5,0.7,27.22.00,992,6960,30,0,0,1,58,11675948.17.00
3/11/2015,Quarter2,sweing,Wednesday,8,0.7,30.48.00,914,6840,30,0,0,1,57,11675087.43.00
3/11/2015,Quarter2,sweing,Wednesday,6,0.7,23.41,1128,4560,40,0,0,1,38,11670774.51.00
3/11/2015,Quarter2,sweing,Wednesday,7,1.05,30.48.00,935,6840,26,0,0,1,57,10843274.51.00
3/11/2015,Quarter2,finishing,Wednesday,10,1.15,2.9,,960,0,0,0,0,8,10472222.13.00
3/11/2015,Quarter2,finishing,Wednesday,8,0.7,3.9,,960,0,0,0,0,8,10427.05.00
3/11/2015,Quarter2,finishing,Wednesday,7,1.05,3.9,,960,0,0,0,0,8,10427.05.00
3/11/2015,Quarter2,finishing,Wednesday,9,1.15,2.9,,1800,0,0,0,0,15,8431481.29.00
3/11/2015,Quarter2,finishing,Wednesday,6,0.7,2.9,,720,0,0,0,0,6,6578703.42.00